ID,label
1.jpg,4Jy3
2.jpg,P6Bf
3.jpg,vJlD
4.jpg,1Mnb
5.jpg,B6UB
6.jpg,ZajP
7.jpg,FBig
8.jpg,HBy8
9.jpg,u1cV
10.jpg,6GKz
11.jpg,nbKh
12.jpg,zvme
13.jpg,H0hE
14.jpg,tAy6
15.jpg,Tn39
16.jpg,aQ9S
17.jpg,wXj8
18.jpg,Kd4I
19.jpg,mTbq
20.jpg,ScxU
21.jpg,J3da
22.jpg,Qmwb
23.jpg,KTzo
24.jpg,Wsx0
25.jpg,2CGS
26.jpg,MLoC
27.jpg,fOD9
28.jpg,gu0T
29.jpg,4yJJ
30.jpg,9JIP
31.jpg,02hu
32.jpg,evpv
33.jpg,y0um
34.jpg,cOKh
35.jpg,BLdS
36.jpg,Gbzz
37.jpg,dgEd
38.jpg,IAqN
39.jpg,s3lk
40.jpg,7qh6
41.jpg,3SjC
42.jpg,p5eZ
43.jpg,4u40
44.jpg,64BO
45.jpg,67ik
46.jpg,2E4V
47.jpg,QSnq
48.jpg,xpm8
49.jpg,C8IP
50.jpg,DYDS
51.jpg,s8Y2
52.jpg,3s5a
53.jpg,00e6
54.jpg,wXyP
55.jpg,2mZP
56.jpg,pf4p
57.jpg,K2Ox
58.jpg,lt92
59.jpg,fFcW
60.jpg,fym6
61.jpg,kNcq
62.jpg,iwIb
63.jpg,QOqP
64.jpg,OP5y
65.jpg,8hjd
66.jpg,JQND
67.jpg,La8q
68.jpg,qh2k
69.jpg,AcgB
70.jpg,dEFI
71.jpg,uYhG
72.jpg,z6lh
73.jpg,zTvb
74.jpg,yaNK
75.jpg,2bPH
76.jpg,lpBk
77.jpg,iKvf
78.jpg,AOyv
79.jpg,B1uo
80.jpg,np4y
81.jpg,olIK
82.jpg,Sv2L
83.jpg,4nSb
84.jpg,P9LF
85.jpg,mPul
86.jpg,vfYl
87.jpg,qzKW
88.jpg,PLfu
89.jpg,hign
90.jpg,Z2b5
91.jpg,90Jq
92.jpg,PIym
93.jpg,vMkx
94.jpg,GtkE
95.jpg,Yh9N
96.jpg,rDZ5
97.jpg,HQIB
98.jpg,Gmmm
99.jpg,Ma0w
100.jpg,P9xQ
101.jpg,X8yI
102.jpg,izmC
103.jpg,rjuU
104.jpg,6GPN
105.jpg,A9az
106.jpg,QUq9
107.jpg,E4wy
108.jpg,lgXG
109.jpg,Ahcf
110.jpg,NAAy
111.jpg,KA35
112.jpg,iydi
113.jpg,quSb
114.jpg,TuRI
115.jpg,P99Q
116.jpg,f310
117.jpg,mfkX
118.jpg,yvuc
119.jpg,J8P0
120.jpg,39kf
121.jpg,ADkL
122.jpg,n6Pb
123.jpg,iGUu
124.jpg,Wpfy
125.jpg,ddqm
126.jpg,znda
127.jpg,W1Ni
128.jpg,thz7
129.jpg,V8am
130.jpg,pzUb
131.jpg,20MP
132.jpg,rEjg
133.jpg,8zIq
134.jpg,lBav
135.jpg,fzpS
136.jpg,NDLX
137.jpg,wFAH
138.jpg,Yiuk
139.jpg,mgdS
140.jpg,o8Bh
141.jpg,9g6q
142.jpg,n3L3
143.jpg,pcVC
144.jpg,dcOO
145.jpg,B0Cw
146.jpg,Rint
147.jpg,8Lyu
148.jpg,4wbb
149.jpg,tA1a
150.jpg,0ChZ
151.jpg,VF1E
152.jpg,CHT8
153.jpg,jbP7
154.jpg,NxJA
155.jpg,fWhz
156.jpg,XKJY
157.jpg,RBSc
158.jpg,hZAR
159.jpg,mPP1
160.jpg,4Tvj
161.jpg,Scy6
162.jpg,Fi57
163.jpg,37df
164.jpg,hhYO
165.jpg,MlTD
166.jpg,sOzo
167.jpg,8IBL
168.jpg,SRjA
169.jpg,yGcu
170.jpg,xbxW
171.jpg,d7A0
172.jpg,yans
173.jpg,RQHW
174.jpg,SB9R
175.jpg,bnLC
176.jpg,84ov
177.jpg,wvIx
178.jpg,zLTC
179.jpg,Tcbd
180.jpg,d0KG
181.jpg,mBh2
182.jpg,iGJE
183.jpg,EQux
184.jpg,QFK4
185.jpg,cuby
186.jpg,7h72
187.jpg,nP3i
188.jpg,8vTz
189.jpg,3oqL
190.jpg,0j6h
191.jpg,HZQa
192.jpg,txR3
193.jpg,45OI
194.jpg,ijal
195.jpg,K5rd
196.jpg,EwTu
197.jpg,yenc
198.jpg,EuAd
199.jpg,FrP9
200.jpg,q9Fu
201.jpg,R9MX
202.jpg,pSrK
203.jpg,Zwsc
204.jpg,SAHu
205.jpg,ZGSH
206.jpg,koMA
207.jpg,a5b6
208.jpg,BtEY
209.jpg,BDLK
210.jpg,NKtM
211.jpg,6sXp
212.jpg,uPRc
213.jpg,nHQM
214.jpg,p9cB
215.jpg,rqkP
216.jpg,MNBo
217.jpg,qFKp
218.jpg,69Zc
219.jpg,Edo6
220.jpg,NGKO
221.jpg,jwxu
222.jpg,zpjI
223.jpg,8mMZ
224.jpg,ygfN
225.jpg,gLXN
226.jpg,5Dza
227.jpg,sOuE
228.jpg,EmEy
229.jpg,oQTf
230.jpg,OSB2
231.jpg,3DoY
232.jpg,AN0N
233.jpg,Bww6
234.jpg,w7qA
235.jpg,LXbV
236.jpg,qRWt
237.jpg,XeAu
238.jpg,L6Xj
239.jpg,HxNy
240.jpg,408z
241.jpg,FoZ3
242.jpg,ICeW
243.jpg,Dt4e
244.jpg,ZGqS
245.jpg,HBUx
246.jpg,1KgU
247.jpg,YmDl
248.jpg,1Axa
249.jpg,H6Z2
250.jpg,J720
251.jpg,CQDD
252.jpg,h5Ay
253.jpg,fPUa
254.jpg,XX1b
255.jpg,b32U
256.jpg,Olvo
257.jpg,ogTj
258.jpg,bZxv
259.jpg,yoQ2
260.jpg,GwS4
261.jpg,dmHn
262.jpg,xmaC
263.jpg,4p6B
264.jpg,Dooy
265.jpg,A3ba
266.jpg,UAWM
267.jpg,azcr
268.jpg,XFZL
269.jpg,SFLG
270.jpg,iSsA
271.jpg,KQTO
272.jpg,hstn
273.jpg,MyBI
274.jpg,8Xlw
275.jpg,ulXZ
276.jpg,x3DS
277.jpg,ougl
278.jpg,a1Kg
279.jpg,g3vd
280.jpg,LESG
281.jpg,qQix
282.jpg,f75Y
283.jpg,Kb3i
284.jpg,NE6K
285.jpg,FDTZ
286.jpg,M2jB
287.jpg,kuku
288.jpg,XLQU
289.jpg,n2uS
290.jpg,bMWo
291.jpg,SyeR
292.jpg,tYPO
293.jpg,fdj5
294.jpg,QOq7
295.jpg,Rnpe
296.jpg,LVu8
297.jpg,59uL
298.jpg,ox23
299.jpg,IAsL
300.jpg,uU1y
301.jpg,8uEM
302.jpg,uwUF
303.jpg,rPko
304.jpg,RuTh
305.jpg,PctH
306.jpg,1ciA
307.jpg,SGDC
308.jpg,ZSVg
309.jpg,piEp
310.jpg,mjTo
311.jpg,dn5C
312.jpg,BXgz
313.jpg,2X2x
314.jpg,jPZN
315.jpg,9GSK
316.jpg,heSs
317.jpg,Zhux
318.jpg,Jmyw
319.jpg,DFNs
320.jpg,asqk
321.jpg,ZIJG
322.jpg,V30B
323.jpg,5oep
324.jpg,dy5b
325.jpg,PPIW
326.jpg,mh0G
327.jpg,WIik
328.jpg,xZ9M
329.jpg,ewl4
330.jpg,7lY6
331.jpg,ngu4
332.jpg,N0wB
333.jpg,gFt0
334.jpg,eeQl
335.jpg,crAO
336.jpg,dYBx
337.jpg,AUxH
338.jpg,Z21r
339.jpg,Dq7L
340.jpg,CZgH
341.jpg,Qrjs
342.jpg,9VNV
343.jpg,Sjqx
344.jpg,RgYz
345.jpg,bb0p
346.jpg,54OP
347.jpg,AXJ1
348.jpg,vX6I
349.jpg,7uKl
350.jpg,T7FN
351.jpg,A9Yu
352.jpg,5FEB
353.jpg,tY39
354.jpg,1kdO
355.jpg,fxLa
356.jpg,72Pq
357.jpg,p000
358.jpg,5oq7
359.jpg,vnFO
360.jpg,UEAH
361.jpg,MbCw
362.jpg,HTDG
363.jpg,UEbH
364.jpg,ABdq
365.jpg,z50F
366.jpg,d6sE
367.jpg,Hazh
368.jpg,3VVq
369.jpg,gV1e
370.jpg,ba9i
371.jpg,p85v
372.jpg,teJv
373.jpg,Ip0H
374.jpg,gQns
375.jpg,X3oD
376.jpg,XBa0
377.jpg,ReF2
378.jpg,gcsd
379.jpg,jEEQ
380.jpg,FtCz
381.jpg,dsvY
382.jpg,vPiL
383.jpg,EDD1
384.jpg,SOcg
385.jpg,5nlc
386.jpg,z1Q8
387.jpg,iofl
388.jpg,b07R
389.jpg,tA1X
390.jpg,mZr2
391.jpg,Lj2Y
392.jpg,5Vam
393.jpg,gCms
394.jpg,wo3r
395.jpg,kJJD
396.jpg,Wvva
397.jpg,P3hP
398.jpg,P6IC
399.jpg,odj4
400.jpg,Aee3
401.jpg,VwmQ
402.jpg,cpK5
403.jpg,nMy1
404.jpg,lnnv
405.jpg,NeFX
406.jpg,69BX
407.jpg,sQrg
408.jpg,wlIh
409.jpg,BZSy
410.jpg,bOrW
411.jpg,Nmxv
412.jpg,jXtr
413.jpg,JNOu
414.jpg,vofn
415.jpg,KahP
416.jpg,0VsB
417.jpg,Qdgc
418.jpg,7puE
419.jpg,uCZi
420.jpg,8PvC
421.jpg,zdfl
422.jpg,LLjV
423.jpg,SMam
424.jpg,6a7w
425.jpg,yjc4
426.jpg,wZ6u
427.jpg,TtXj
428.jpg,NKr2
429.jpg,yf7T
430.jpg,2aDk
431.jpg,Nxmx
432.jpg,Dhdu
433.jpg,rTH4
434.jpg,XEOB
435.jpg,gJ7e
436.jpg,Hno5
437.jpg,YAzT
438.jpg,6R17
439.jpg,5Cba
440.jpg,8XyY
441.jpg,ld04
442.jpg,8JKR
443.jpg,Xhfg
444.jpg,oRX2
445.jpg,0NyG
446.jpg,tjpO
447.jpg,2phV
448.jpg,iC92
449.jpg,JHd5
450.jpg,i7L0
451.jpg,Zgko
452.jpg,qYSy
453.jpg,a6jB
454.jpg,4rxn
455.jpg,6VVA
456.jpg,zvcs
457.jpg,vr6R
458.jpg,DnYv
459.jpg,7vhH
460.jpg,vaU5
461.jpg,wyXp
462.jpg,txme
463.jpg,itNJ
464.jpg,MeA1
465.jpg,iJHr
466.jpg,JP0t
467.jpg,EkvW
468.jpg,7fHx
469.jpg,OIk8
470.jpg,nkyI
471.jpg,0yg5
472.jpg,DgwA
473.jpg,41I8
474.jpg,k35X
475.jpg,lHz1
476.jpg,lF1Z
477.jpg,ISFU
478.jpg,uA5m
479.jpg,TRMd
480.jpg,HbkO
481.jpg,h0tN
482.jpg,Ky0r
483.jpg,tGkQ
484.jpg,SqdA
485.jpg,Elng
486.jpg,i9b5
487.jpg,BwI1
488.jpg,1wBt
489.jpg,SYGQ
490.jpg,025o
491.jpg,FKiN
492.jpg,87dj
493.jpg,gMNL
494.jpg,OLz2
495.jpg,csfn
496.jpg,9lNM
497.jpg,35Ed
498.jpg,bn7T
499.jpg,jReI
500.jpg,vEtK
501.jpg,dnf2
502.jpg,6atD
503.jpg,hCdo
504.jpg,hgt9
505.jpg,ZyFA
506.jpg,1NSY
507.jpg,Aygk
508.jpg,A736
509.jpg,bYFp
510.jpg,5NNe
511.jpg,2BIl
512.jpg,3c5q
513.jpg,3mTl
514.jpg,q49P
515.jpg,Eibl
516.jpg,4o6e
517.jpg,l7cc
518.jpg,UUBL
519.jpg,m6sF
520.jpg,nUSx
521.jpg,KA34
522.jpg,q0Ax
523.jpg,yOKB
524.jpg,grrb
525.jpg,F5YW
526.jpg,7L2c
527.jpg,fLdJ
528.jpg,gzVM
529.jpg,d5I5
530.jpg,ckT3
531.jpg,8MC5
532.jpg,bCRi
533.jpg,9ZhU
534.jpg,Usfb
535.jpg,bgqp
536.jpg,2SY8
537.jpg,83RH
538.jpg,cefK
539.jpg,mn2k
540.jpg,DGsB
541.jpg,ZB4e
542.jpg,6v6B
543.jpg,H5Qx
544.jpg,Xi0d
545.jpg,1AVJ
546.jpg,KE29
547.jpg,NNnr
548.jpg,bF8W
549.jpg,FBJd
550.jpg,wmEk
551.jpg,VN4c
552.jpg,sM7C
553.jpg,X8j5
554.jpg,g3SG
555.jpg,Wld5
556.jpg,bOU8
557.jpg,vmBe
558.jpg,7Zfl
559.jpg,mibz
560.jpg,MXUH
561.jpg,Qxek
562.jpg,JU7I
563.jpg,eodx
564.jpg,Kk6L
565.jpg,E6KN
566.jpg,oice
567.jpg,epYE
568.jpg,BQNh
569.jpg,fihx
570.jpg,H4ku
571.jpg,JwNH
572.jpg,1YGs
573.jpg,PQ0Q
574.jpg,FLjd
575.jpg,VKSH
576.jpg,E269
577.jpg,KU8O
578.jpg,5oM0
579.jpg,nSbm
580.jpg,cZ3X
581.jpg,01S6
582.jpg,pv8D
583.jpg,eNmG
584.jpg,xabK
585.jpg,pIuv
586.jpg,Vfbn
587.jpg,GsoR
588.jpg,W9aF
589.jpg,GrNP
590.jpg,JViM
591.jpg,qFVB
592.jpg,oFSM
593.jpg,tZIU
594.jpg,ic6I
595.jpg,obTW
596.jpg,hy6T
597.jpg,ZTYe
598.jpg,yRpV
599.jpg,iBvE
600.jpg,e4gb
601.jpg,n07N
602.jpg,twnq
603.jpg,dttd
604.jpg,Muw3
605.jpg,yNIQ
606.jpg,4bPy
607.jpg,Xiq9
608.jpg,uCRW
609.jpg,Gvip
610.jpg,Y84J
611.jpg,toJs
612.jpg,pKg8
613.jpg,G6c1
614.jpg,WGSA
615.jpg,UEpq
616.jpg,RQ7B
617.jpg,cSbu
618.jpg,iE2L
619.jpg,MOXM
620.jpg,PoN0
621.jpg,AV5r
622.jpg,YWZI
623.jpg,IQ9V
624.jpg,yuvx
625.jpg,BJ5h
626.jpg,kFJ3
627.jpg,HZBK
628.jpg,1u8u
629.jpg,ODWO
630.jpg,2kG7
631.jpg,UKT4
632.jpg,nn4e
633.jpg,LjcU
634.jpg,ygbc
635.jpg,YlwR
636.jpg,uZMT
637.jpg,A0ls
638.jpg,QE6N
639.jpg,ms5Y
640.jpg,CxTa
641.jpg,0Edn
642.jpg,YbAP
643.jpg,h2wH
644.jpg,s7bL
645.jpg,BF2H
646.jpg,XNUI
647.jpg,D1Vh
648.jpg,bBsG
649.jpg,0jCf
650.jpg,AXTD
651.jpg,ReSe
652.jpg,jYUq
653.jpg,u4LZ
654.jpg,LTJb
655.jpg,s7KP
656.jpg,klRe
657.jpg,MCiu
658.jpg,vJd0
659.jpg,YAKk
660.jpg,zEM6
661.jpg,drWg
662.jpg,5IvL
663.jpg,3vsS
664.jpg,gUNj
665.jpg,9uL9
666.jpg,Gbwp
667.jpg,Y60o
668.jpg,WNQY
669.jpg,dNYJ
670.jpg,rF1t
671.jpg,oDeA
672.jpg,g9Rl
673.jpg,kPts
674.jpg,aNGP
675.jpg,AwlR
676.jpg,n6T4
677.jpg,Ja0V
678.jpg,hLgr
679.jpg,Ub04
680.jpg,xZmX
681.jpg,B5XF
682.jpg,ENWs
683.jpg,b8Rw
684.jpg,e75p
685.jpg,VG9D
686.jpg,ViJ3
687.jpg,8OYL
688.jpg,Ioyq
689.jpg,AZsm
690.jpg,OoGl
691.jpg,FfD6
692.jpg,RXgg
693.jpg,Kgvw
694.jpg,mMsc
695.jpg,Assj
696.jpg,esr1
697.jpg,6izO
698.jpg,jGqW
699.jpg,TJ15
700.jpg,WCPX
701.jpg,k2DP
702.jpg,GRU4
703.jpg,kVl8
704.jpg,Tj1Q
705.jpg,GXkM
706.jpg,Rdbt
707.jpg,SEhj
708.jpg,QZCe
709.jpg,ppTs
710.jpg,287E
711.jpg,3Swn
712.jpg,3qZW
713.jpg,CWKj
714.jpg,BfG9
715.jpg,m3NW
716.jpg,WcCW
717.jpg,uSLl
718.jpg,caNp
719.jpg,0KHj
720.jpg,KNZS
721.jpg,XuVY
722.jpg,xLBo
723.jpg,SLuf
724.jpg,n6K4
725.jpg,4dby
726.jpg,fDBC
727.jpg,ddgX
728.jpg,PRvR
729.jpg,5pcY
730.jpg,76Jd
731.jpg,Lbkp
732.jpg,MbmE
733.jpg,6nbt
734.jpg,YdG1
735.jpg,7ghR
736.jpg,kP2l
737.jpg,ZeMQ
738.jpg,xcu1
739.jpg,3uGQ
740.jpg,OgUj
741.jpg,CkBQ
742.jpg,zx3L
743.jpg,T3v5
744.jpg,zOe6
745.jpg,IMrF
746.jpg,yJzq
747.jpg,AJfz
748.jpg,85x1
749.jpg,R0a6
750.jpg,l5i7
751.jpg,MYQz
752.jpg,QJBC
753.jpg,UPhp
754.jpg,1kYf
755.jpg,ysAB
756.jpg,F11P
757.jpg,1pan
758.jpg,6Uic
759.jpg,9HKo
760.jpg,ohaa
761.jpg,ItgH
762.jpg,3ThT
763.jpg,BBwW
764.jpg,NQwJ
765.jpg,e15U
766.jpg,uo0M
767.jpg,2tIk
768.jpg,oj6M
769.jpg,DZXK
770.jpg,lwW2
771.jpg,QlFb
772.jpg,Gb67
773.jpg,BAgO
774.jpg,VIDH
775.jpg,6GSw
776.jpg,4ipU
777.jpg,edp6
778.jpg,hkyR
779.jpg,OlnP
780.jpg,DjYs
781.jpg,Zujv
782.jpg,Qnb7
783.jpg,St61
784.jpg,ya9U
785.jpg,6Je7
786.jpg,5pYr
787.jpg,s8Mf
788.jpg,jxqK
789.jpg,IQGt
790.jpg,n71i
791.jpg,DpdW
792.jpg,iLZp
793.jpg,cELF
794.jpg,1Vkg
795.jpg,Ctq7
796.jpg,Qi6K
797.jpg,BYv6
798.jpg,Gbqa
799.jpg,3pIg
800.jpg,UGVm
801.jpg,LFSi
802.jpg,OivC
803.jpg,HFjV
804.jpg,Hn0W
805.jpg,EI5Y
806.jpg,7XVr
807.jpg,Xdds
808.jpg,M7G1
809.jpg,PDBS
810.jpg,13oT
811.jpg,fgz7
812.jpg,0LIg
813.jpg,aKl8
814.jpg,Z273
815.jpg,3rvc
816.jpg,iD23
817.jpg,okHL
818.jpg,kZ0E
819.jpg,3UwE
820.jpg,7RXR
821.jpg,vjaz
822.jpg,uk5h
823.jpg,WGPJ
824.jpg,5yIl
825.jpg,T3N7
826.jpg,md16
827.jpg,EZKF
828.jpg,1m1c
829.jpg,sP1Y
830.jpg,et6R
831.jpg,bmRe
832.jpg,zt2R
833.jpg,I7H4
834.jpg,kPjj
835.jpg,ibHm
836.jpg,w7hu
837.jpg,miAL
838.jpg,qOag
839.jpg,yLHX
840.jpg,V6Ph
841.jpg,1ref
842.jpg,Uu4F
843.jpg,oEtD
844.jpg,Vwki
845.jpg,hN7D
846.jpg,nx5a
847.jpg,mj44
848.jpg,b6Kv
849.jpg,EKUr
850.jpg,WiEF
851.jpg,mUxX
852.jpg,TWKY
853.jpg,4XbB
854.jpg,UuxD
855.jpg,UJNv
856.jpg,Ue8a
857.jpg,SqYW
858.jpg,NjOl
859.jpg,Blmo
860.jpg,7g3h
861.jpg,QCZV
862.jpg,OFic
863.jpg,DRu3
864.jpg,xtTa
865.jpg,YSmr
866.jpg,IyWP
867.jpg,mwEw
868.jpg,Y1Qc
869.jpg,mxNK
870.jpg,KKA4
871.jpg,QMw3
872.jpg,DaaM
873.jpg,a3Qg
874.jpg,TBQH
875.jpg,uuWW
876.jpg,YF0t
877.jpg,w4YM
878.jpg,IkQ3
879.jpg,KZCy
880.jpg,8E85
881.jpg,c85W
882.jpg,zUgs
883.jpg,JwCG
884.jpg,XjJB
885.jpg,Un4y
886.jpg,eyYj
887.jpg,MFG7
888.jpg,ehmb
889.jpg,k5Wy
890.jpg,JXw6
891.jpg,xikj
892.jpg,iJlT
893.jpg,TSX8
894.jpg,LnjG
895.jpg,yzBz
896.jpg,06s1
897.jpg,BRjv
898.jpg,LGd1
899.jpg,j7D6
900.jpg,7Tcf
901.jpg,Q6yC
902.jpg,oTdP
903.jpg,WI8P
904.jpg,MKov
905.jpg,uxNL
906.jpg,uHMI
907.jpg,GAli
908.jpg,w4rn
909.jpg,sO5u
910.jpg,ewq5
911.jpg,HWfI
912.jpg,3cjU
913.jpg,8DNr
914.jpg,ami6
915.jpg,rwdx
916.jpg,s8kO
917.jpg,gsct
918.jpg,aiNN
919.jpg,HVKs
920.jpg,6mjg
921.jpg,CmYW
922.jpg,haeA
923.jpg,061A
924.jpg,uFba
925.jpg,gdn0
926.jpg,bW9D
927.jpg,OKZx
928.jpg,Cxrd
929.jpg,Hcjr
930.jpg,bbqC
931.jpg,x7RV
932.jpg,eTF4
933.jpg,8ZZH
934.jpg,ZuHl
935.jpg,WFgV
936.jpg,12dl
937.jpg,ftLS
938.jpg,L0eR
939.jpg,4WCF
940.jpg,ADPy
941.jpg,gsBb
942.jpg,zJKz
943.jpg,2BIr
944.jpg,G1Qy
945.jpg,AIY4
946.jpg,18s0
947.jpg,0icS
948.jpg,QjBC
949.jpg,O6PA
950.jpg,7qzh
951.jpg,agnF
952.jpg,k5Cm
953.jpg,7lxU
954.jpg,um16
955.jpg,7Cip
956.jpg,DrfM
957.jpg,h409
958.jpg,4C33
959.jpg,YFH3
960.jpg,BeQj
961.jpg,xQn9
962.jpg,Cn0w
963.jpg,tvWr
964.jpg,Ko6C
965.jpg,6ZWs
966.jpg,C6dC
967.jpg,AULl
968.jpg,hmPr
969.jpg,O9QC
970.jpg,ihfA
971.jpg,Dqqm
972.jpg,kstp
973.jpg,c4fW
974.jpg,mUei
975.jpg,f8tL
976.jpg,OupY
977.jpg,60F5
978.jpg,4Uxs
979.jpg,w0Al
980.jpg,n1gA
981.jpg,CiNW
982.jpg,LHWz
983.jpg,SKGa
984.jpg,dM00
985.jpg,Oc2y
986.jpg,awu9
987.jpg,ICcb
988.jpg,e5n9
989.jpg,fzDB
990.jpg,fGIw
991.jpg,afi2
992.jpg,ZWQ7
993.jpg,tBF4
994.jpg,bS0J
995.jpg,Wmrf
996.jpg,YZ94
997.jpg,MRS0
998.jpg,sNlH
999.jpg,2Ag7
1000.jpg,IRO2
1001.jpg,NXVv
1002.jpg,l1aw
1003.jpg,IT6p
1004.jpg,EByd
1005.jpg,d3Y7
1006.jpg,w98X
1007.jpg,cay9
1008.jpg,99Gt
1009.jpg,pqoP
1010.jpg,zZFB
1011.jpg,9WNB
1012.jpg,XzUe
1013.jpg,HZf6
1014.jpg,ur0E
1015.jpg,ehds
1016.jpg,9ozC
1017.jpg,X6vz
1018.jpg,dwyp
1019.jpg,vBTR
1020.jpg,I0WY
1021.jpg,Q0wC
1022.jpg,C5pp
1023.jpg,PPoy
1024.jpg,4zv7
1025.jpg,jwwL
1026.jpg,kwoG
1027.jpg,TTwv
1028.jpg,aF9p
1029.jpg,2IjG
1030.jpg,tvBD
1031.jpg,NRRr
1032.jpg,96dT
1033.jpg,7S8L
1034.jpg,BlkZ
1035.jpg,ygBP
1036.jpg,h3EV
1037.jpg,ielR
1038.jpg,i9Gf
1039.jpg,VWEe
1040.jpg,gpXU
1041.jpg,8Fnj
1042.jpg,gvz9
1043.jpg,8fNJ
1044.jpg,CqKx
1045.jpg,Fqzn
1046.jpg,WTPc
1047.jpg,QK2J
1048.jpg,Ypuv
1049.jpg,gMVg
1050.jpg,Qk8D
1051.jpg,Njz1
1052.jpg,PWyW
1053.jpg,FCPu
1054.jpg,7r7P
1055.jpg,HHvP
1056.jpg,DQkf
1057.jpg,1A82
1058.jpg,APRT
1059.jpg,evjg
1060.jpg,ePHi
1061.jpg,8vMz
1062.jpg,O5XU
1063.jpg,23Fs
1064.jpg,ZzHj
1065.jpg,oWBW
1066.jpg,Mc99
1067.jpg,mo15
1068.jpg,RWil
1069.jpg,7uSP
1070.jpg,3veO
1071.jpg,LbPG
1072.jpg,6JrE
1073.jpg,KCll
1074.jpg,83F8
1075.jpg,jc9k
1076.jpg,oeuj
1077.jpg,0XYT
1078.jpg,MFKM
1079.jpg,31aq
1080.jpg,o2jA
1081.jpg,aTnU
1082.jpg,17KP
1083.jpg,vpFr
1084.jpg,0Mmq
1085.jpg,JdHP
1086.jpg,aMib
1087.jpg,eABD
1088.jpg,2J9p
1089.jpg,fbAR
1090.jpg,gPRu
1091.jpg,5tYj
1092.jpg,cIBL
1093.jpg,Bit6
1094.jpg,5qmw
1095.jpg,t7zR
1096.jpg,oQnL
1097.jpg,JrpZ
1098.jpg,GwCi
1099.jpg,xcaD
1100.jpg,GH4A
1101.jpg,N155
1102.jpg,4e7S
1103.jpg,wMK1
1104.jpg,zHmD
1105.jpg,6lKR
1106.jpg,xad0
1107.jpg,LlD9
1108.jpg,xit7
1109.jpg,RHrc
1110.jpg,YTko
1111.jpg,enSm
1112.jpg,r7e0
1113.jpg,7YTQ
1114.jpg,fYfs
1115.jpg,KOnC
1116.jpg,SNX9
1117.jpg,c2cT
1118.jpg,QPXB
1119.jpg,oH7M
1120.jpg,h7Wv
1121.jpg,aDJZ
1122.jpg,Me6P
1123.jpg,XFO3
1124.jpg,30ni
1125.jpg,jpIW
1126.jpg,lqoe
1127.jpg,RkvC
1128.jpg,mlhL
1129.jpg,ANsA
1130.jpg,yIL0
1131.jpg,Ushi
1132.jpg,wIUI
1133.jpg,xs4v
1134.jpg,QRVa
1135.jpg,kYit
1136.jpg,tR0h
1137.jpg,KKsw
1138.jpg,YoKy
1139.jpg,nmht
1140.jpg,GcED
1141.jpg,rSZ5
1142.jpg,7a3Z
1143.jpg,9J79
1144.jpg,hHg1
1145.jpg,RNHl
1146.jpg,xo2k
1147.jpg,eGvB
1148.jpg,uHZ5
1149.jpg,MW9L
1150.jpg,cdIk
1151.jpg,jzWO
1152.jpg,goCs
1153.jpg,FQw0
1154.jpg,aQAe
1155.jpg,M2mY
1156.jpg,rrkA
1157.jpg,EHcZ
1158.jpg,YxBF
1159.jpg,hSzo
1160.jpg,7Nwk
1161.jpg,hUX1
1162.jpg,bZkg
1163.jpg,P2Rt
1164.jpg,5Xw2
1165.jpg,z0wn
1166.jpg,EE9p
1167.jpg,T8OS
1168.jpg,pBSx
1169.jpg,BZuF
1170.jpg,KSws
1171.jpg,0wqv
1172.jpg,DJGu
1173.jpg,bRtV
1174.jpg,tuBI
1175.jpg,scz9
1176.jpg,jPom
1177.jpg,gSgt
1178.jpg,WBbL
1179.jpg,qF6b
1180.jpg,uJPq
1181.jpg,jLuF
1182.jpg,XKps
1183.jpg,f83F
1184.jpg,KIpX
1185.jpg,Szlf
1186.jpg,npka
1187.jpg,bZLJ
1188.jpg,MJSz
1189.jpg,w0PZ
1190.jpg,CjMd
1191.jpg,0HHk
1192.jpg,arBC
1193.jpg,mUlC
1194.jpg,KquB
1195.jpg,V5uG
1196.jpg,MkH2
1197.jpg,TmYl
1198.jpg,GVm1
1199.jpg,FM1Q
1200.jpg,y5Ne
1201.jpg,lnrK
1202.jpg,pquh
1203.jpg,BwAX
1204.jpg,QN1v
1205.jpg,OVMs
1206.jpg,bJcd
1207.jpg,xbrD
1208.jpg,h3Lr
1209.jpg,TzpI
1210.jpg,VMuT
1211.jpg,JSZ0
1212.jpg,htkm
1213.jpg,wvHW
1214.jpg,EsCf
1215.jpg,tfiB
1216.jpg,Ypkg
1217.jpg,ZZkA
1218.jpg,c6H9
1219.jpg,k0wW
1220.jpg,2f2E
1221.jpg,wWRI
1222.jpg,HnYj
1223.jpg,gcLu
1224.jpg,QiGf
1225.jpg,5uhb
1226.jpg,qk9u
1227.jpg,EqQR
1228.jpg,f7T9
1229.jpg,fSxH
1230.jpg,L0r5
1231.jpg,aOJL
1232.jpg,VFIa
1233.jpg,fn5B
1234.jpg,fDn6
1235.jpg,sjTj
1236.jpg,6BTH
1237.jpg,HXhn
1238.jpg,3YMP
1239.jpg,yuzJ
1240.jpg,rn0p
1241.jpg,7R68
1242.jpg,dT0D
1243.jpg,PSkM
1244.jpg,3lhj
1245.jpg,13X7
1246.jpg,U9uq
1247.jpg,M0Su
1248.jpg,NQeM
1249.jpg,dCPq
1250.jpg,2k9s
1251.jpg,QTLG
1252.jpg,zffp
1253.jpg,NQwh
1254.jpg,iKrn
1255.jpg,pkL5
1256.jpg,JgKR
1257.jpg,4mb6
1258.jpg,m1Yi
1259.jpg,wKjn
1260.jpg,MUte
1261.jpg,ehNR
1262.jpg,olmv
1263.jpg,jNim
1264.jpg,MUl4
1265.jpg,0Fpk
1266.jpg,HRam
1267.jpg,yAIk
1268.jpg,Jk5s
1269.jpg,RVev
1270.jpg,OOkC
1271.jpg,FKXy
1272.jpg,84aV
1273.jpg,2Joq
1274.jpg,9gD2
1275.jpg,qIYt
1276.jpg,nT5Q
1277.jpg,iuct
1278.jpg,qNrz
1279.jpg,96tt
1280.jpg,xGtz
1281.jpg,eoLH
1282.jpg,eyiF
1283.jpg,eTDV
1284.jpg,C009
1285.jpg,k1D1
1286.jpg,0ni3
1287.jpg,QYZK
1288.jpg,QCfP
1289.jpg,35o0
1290.jpg,Y0qY
1291.jpg,YJJY
1292.jpg,ZZei
1293.jpg,ui67
1294.jpg,qlOi
1295.jpg,p4J3
1296.jpg,MLrc
1297.jpg,czkc
1298.jpg,1Rp6
1299.jpg,UHMk
1300.jpg,3R3x
1301.jpg,zYNN
1302.jpg,lTG4
1303.jpg,gVUz
1304.jpg,LQmT
1305.jpg,LZIY
1306.jpg,OCIa
1307.jpg,Sad5
1308.jpg,gr3s
1309.jpg,iVYm
1310.jpg,2zyJ
1311.jpg,2DEf
1312.jpg,7rUF
1313.jpg,ImjG
1314.jpg,9Ybf
1315.jpg,Id0r
1316.jpg,GOU7
1317.jpg,4gzs
1318.jpg,caZV
1319.jpg,7WmH
1320.jpg,Xmus
1321.jpg,xH0V
1322.jpg,60SI
1323.jpg,eLjf
1324.jpg,Uqxy
1325.jpg,FBWi
1326.jpg,456P
1327.jpg,nImX
1328.jpg,u5ej
1329.jpg,NpXx
1330.jpg,PA78
1331.jpg,Fpz1
1332.jpg,zi4M
1333.jpg,Vn6v
1334.jpg,EIEt
1335.jpg,hFSG
1336.jpg,5VxM
1337.jpg,8rKY
1338.jpg,N1OK
1339.jpg,8Qg0
1340.jpg,3Xlc
1341.jpg,cagJ
1342.jpg,xvmo
1343.jpg,LZZ5
1344.jpg,469v
1345.jpg,2sJz
1346.jpg,Wb0Y
1347.jpg,WPQo
1348.jpg,4eXR
1349.jpg,t5c7
1350.jpg,wkRw
1351.jpg,7L3R
1352.jpg,XX9x
1353.jpg,vrFu
1354.jpg,h7Hc
1355.jpg,WNdw
1356.jpg,Zi21
1357.jpg,tuRU
1358.jpg,TU5u
1359.jpg,Ueyr
1360.jpg,Naw5
1361.jpg,VRb7
1362.jpg,ayIp
1363.jpg,BZ9N
1364.jpg,sGZ0
1365.jpg,DL4K
1366.jpg,IETH
1367.jpg,t63D
1368.jpg,4wmu
1369.jpg,7NVY
1370.jpg,kd2t
1371.jpg,a76U
1372.jpg,6F16
1373.jpg,fVaT
1374.jpg,rJ1p
1375.jpg,yXmV
1376.jpg,AYTE
1377.jpg,lGDo
1378.jpg,IjD3
1379.jpg,MvqE
1380.jpg,Cn2d
1381.jpg,ZzD3
1382.jpg,ue8S
1383.jpg,OCzT
1384.jpg,t5bF
1385.jpg,pVAG
1386.jpg,nOtP
1387.jpg,l1cL
1388.jpg,1OLA
1389.jpg,Z9IB
1390.jpg,1VIx
1391.jpg,1gp3
1392.jpg,GgCa
1393.jpg,AuIF
1394.jpg,O3hI
1395.jpg,VLVY
1396.jpg,CzWc
1397.jpg,I79N
1398.jpg,jrzj
1399.jpg,fxDm
1400.jpg,X2IE
1401.jpg,oKRv
1402.jpg,mdA9
1403.jpg,3pX8
1404.jpg,zojF
1405.jpg,nFws
1406.jpg,DfFU
1407.jpg,p9nP
1408.jpg,PXK5
1409.jpg,3pe5
1410.jpg,Jj0K
1411.jpg,oANx
1412.jpg,ZvuH
1413.jpg,ZGY3
1414.jpg,bxxI
1415.jpg,S0L3
1416.jpg,djb0
1417.jpg,1qQr
1418.jpg,BigQ
1419.jpg,Outo
1420.jpg,xl0G
1421.jpg,20zJ
1422.jpg,4DBv
1423.jpg,HgRn
1424.jpg,tzNB
1425.jpg,OzYB
1426.jpg,aBY1
1427.jpg,yx7c
1428.jpg,YG52
1429.jpg,sHvw
1430.jpg,g866
1431.jpg,4T1Z
1432.jpg,j0Br
1433.jpg,A645
1434.jpg,Xzop
1435.jpg,jSc9
1436.jpg,QaRv
1437.jpg,R3iw
1438.jpg,gjbd
1439.jpg,jZem
1440.jpg,8qhO
1441.jpg,tA1v
1442.jpg,kbkz
1443.jpg,8zLK
1444.jpg,nNEI
1445.jpg,cDkj
1446.jpg,CvN3
1447.jpg,AUzJ
1448.jpg,sSyI
1449.jpg,2AZP
1450.jpg,KRVI
1451.jpg,JItG
1452.jpg,iZ7W
1453.jpg,djwI
1454.jpg,hWrs
1455.jpg,hAR3
1456.jpg,RSw7
1457.jpg,pDVw
1458.jpg,llmP
1459.jpg,Z2s2
1460.jpg,SJZM
1461.jpg,lIT8
1462.jpg,YLEM
1463.jpg,Rz0j
1464.jpg,928x
1465.jpg,lRQs
1466.jpg,QQcz
1467.jpg,0rBn
1468.jpg,nFCm
1469.jpg,5cVH
1470.jpg,Ph3R
1471.jpg,tsKX
1472.jpg,Cnno
1473.jpg,y18r
1474.jpg,I87R
1475.jpg,uOZ3
1476.jpg,dKHT
1477.jpg,f91E
1478.jpg,hNz6
1479.jpg,OAoM
1480.jpg,xc6N
1481.jpg,usVI
1482.jpg,2GNu
1483.jpg,hanR
1484.jpg,MQVV
1485.jpg,QtNR
1486.jpg,ojLL
1487.jpg,XFt7
1488.jpg,YD8d
1489.jpg,SQGg
1490.jpg,hziC
1491.jpg,olrX
1492.jpg,ASzL
1493.jpg,30sV
1494.jpg,P4Qx
1495.jpg,TBqe
1496.jpg,OkVe
1497.jpg,w6ib
1498.jpg,7O7q
1499.jpg,IQcN
1500.jpg,b3d6
1501.jpg,b8zc
1502.jpg,JNjQ
1503.jpg,SaQG
1504.jpg,FrOs
1505.jpg,tRvL
1506.jpg,cL7D
1507.jpg,VPPA
1508.jpg,eS06
1509.jpg,O0OO
1510.jpg,f9J3
1511.jpg,cKjF
1512.jpg,IkAr
1513.jpg,qB4v
1514.jpg,oRMw
1515.jpg,nopm
1516.jpg,5i54
1517.jpg,dAz7
1518.jpg,QWUV
1519.jpg,LjkF
1520.jpg,TMNY
1521.jpg,Witv
1522.jpg,gR1R
1523.jpg,RPwQ
1524.jpg,NxMG
1525.jpg,1eMR
1526.jpg,67OU
1527.jpg,cx8b
1528.jpg,jGyq
1529.jpg,4Ct6
1530.jpg,LXIZ
1531.jpg,LtT4
1532.jpg,lZiJ
1533.jpg,YwHg
1534.jpg,XMdB
1535.jpg,t1lv
1536.jpg,L9ZF
1537.jpg,aBdi
1538.jpg,6AaH
1539.jpg,zSWx
1540.jpg,f8nk
1541.jpg,YUcK
1542.jpg,Amgp
1543.jpg,zWKF
1544.jpg,rkgk
1545.jpg,xLBA
1546.jpg,geU0
1547.jpg,L2cZ
1548.jpg,F1AS
1549.jpg,yjCS
1550.jpg,J7pS
1551.jpg,EyA2
1552.jpg,d4dE
1553.jpg,VjP2
1554.jpg,ZBQA
1555.jpg,CrtX
1556.jpg,AlBS
1557.jpg,nEvb
1558.jpg,jPTl
1559.jpg,66M4
1560.jpg,jDp6
1561.jpg,v4pF
1562.jpg,Uf0g
1563.jpg,zoyV
1564.jpg,cjfz
1565.jpg,bGbW
1566.jpg,4Z8J
1567.jpg,jI9W
1568.jpg,MxD3
1569.jpg,9oT8
1570.jpg,k9gn
1571.jpg,QUZl
1572.jpg,B6cr
1573.jpg,oLiK
1574.jpg,XDh5
1575.jpg,9jTZ
1576.jpg,mKuo
1577.jpg,sVd3
1578.jpg,owKl
1579.jpg,lKWk
1580.jpg,DHjy
1581.jpg,5d6m
1582.jpg,xqYd
1583.jpg,frFU
1584.jpg,pJi7
1585.jpg,9RnI
1586.jpg,N2kk
1587.jpg,SDnQ
1588.jpg,TQ7S
1589.jpg,ViHj
1590.jpg,3kjw
1591.jpg,fRO6
1592.jpg,hww0
1593.jpg,tpM4
1594.jpg,9CfG
1595.jpg,SMfD
1596.jpg,qPFo
1597.jpg,SfU3
1598.jpg,DnnJ
1599.jpg,dOEX
1600.jpg,9g4a
1601.jpg,DhCp
1602.jpg,ANoQ
1603.jpg,QcMt
1604.jpg,35a5
1605.jpg,d0kf
1606.jpg,mRRP
1607.jpg,K7fs
1608.jpg,J3XU
1609.jpg,tPau
1610.jpg,2qqG
1611.jpg,QamF
1612.jpg,sAcW
1613.jpg,n5w4
1614.jpg,Xg3b
1615.jpg,dhWK
1616.jpg,4XO1
1617.jpg,iLZG
1618.jpg,Y1Bd
1619.jpg,hA40
1620.jpg,xDWI
1621.jpg,pVtM
1622.jpg,q50c
1623.jpg,5e7t
1624.jpg,oupx
1625.jpg,mIQR
1626.jpg,sb79
1627.jpg,ZJiP
1628.jpg,0qYn
1629.jpg,UMj6
1630.jpg,ovaC
1631.jpg,cVuI
1632.jpg,gGlT
1633.jpg,vqj4
1634.jpg,qnFy
1635.jpg,Yy8x
1636.jpg,gbin
1637.jpg,DTqo
1638.jpg,Wbff
1639.jpg,LeDc
1640.jpg,R212
1641.jpg,9cna
1642.jpg,MEQQ
1643.jpg,PlL6
1644.jpg,I9Ka
1645.jpg,op6E
1646.jpg,66Nk
1647.jpg,kmbI
1648.jpg,TJqA
1649.jpg,BITV
1650.jpg,HGCV
1651.jpg,GB7u
1652.jpg,XHA5
1653.jpg,ChC5
1654.jpg,KtNp
1655.jpg,MjHe
1656.jpg,US0Z
1657.jpg,XgIR
1658.jpg,Ln0y
1659.jpg,Tm7s
1660.jpg,3G5G
1661.jpg,6hZO
1662.jpg,tvA2
1663.jpg,PHZL
1664.jpg,2qz5
1665.jpg,BIfS
1666.jpg,Ygyb
1667.jpg,kvDR
1668.jpg,jQSO
1669.jpg,6kCy
1670.jpg,2Z7I
1671.jpg,B5QR
1672.jpg,VEJv
1673.jpg,xcCi
1674.jpg,ww1f
1675.jpg,fris
1676.jpg,aEcP
1677.jpg,jgjt
1678.jpg,HYMz
1679.jpg,OqsR
1680.jpg,Gh4Q
1681.jpg,SFLz
1682.jpg,xXpL
1683.jpg,eUOl
1684.jpg,CYqu
1685.jpg,V6yT
1686.jpg,B1YV
1687.jpg,3DLF
1688.jpg,5Z2v
1689.jpg,WFzq
1690.jpg,mzlI
1691.jpg,bPwa
1692.jpg,IqFX
1693.jpg,7i6o
1694.jpg,8uXK
1695.jpg,Lnfp
1696.jpg,zhyu
1697.jpg,xCwO
1698.jpg,gqtU
1699.jpg,vFht
1700.jpg,eok8
1701.jpg,y27d
1702.jpg,b9GS
1703.jpg,t8Lm
1704.jpg,L0W7
1705.jpg,LkLs
1706.jpg,n9Mn
1707.jpg,p4XY
1708.jpg,s6mJ
1709.jpg,P5nE
1710.jpg,FHx8
1711.jpg,c42L
1712.jpg,BZ3f
1713.jpg,v8R0
1714.jpg,MgFP
1715.jpg,emao
1716.jpg,9Ki2
1717.jpg,NQ96
1718.jpg,bLId
1719.jpg,ijZn
1720.jpg,YCsM
1721.jpg,CahY
1722.jpg,1u3s
1723.jpg,oSOn
1724.jpg,FWhX
1725.jpg,dNa5
1726.jpg,1mZ3
1727.jpg,ViBc
1728.jpg,hzEi
1729.jpg,c2Q7
1730.jpg,cyz8
1731.jpg,pxOd
1732.jpg,A5Wj
1733.jpg,vHvW
1734.jpg,bqLk
1735.jpg,Gqw4
1736.jpg,VOhM
1737.jpg,qe7J
1738.jpg,VtEa
1739.jpg,KkfE
1740.jpg,xymc
1741.jpg,LOzH
1742.jpg,PpTW
1743.jpg,9r0S
1744.jpg,CFj2
1745.jpg,Q6N3
1746.jpg,t9oq
1747.jpg,lrh3
1748.jpg,uxXA
1749.jpg,ukP6
1750.jpg,7GxB
1751.jpg,zNsJ
1752.jpg,otIv
1753.jpg,xhYN
1754.jpg,IxEc
1755.jpg,SHuF
1756.jpg,Sxwj
1757.jpg,W1GZ
1758.jpg,xqlL
1759.jpg,WkxB
1760.jpg,8vsf
1761.jpg,kDW1
1762.jpg,H8uU
1763.jpg,w0LV
1764.jpg,HYMi
1765.jpg,fs3I
1766.jpg,Aq06
1767.jpg,lfep
1768.jpg,oigp
1769.jpg,9xwD
1770.jpg,Aq7O
1771.jpg,qdWB
1772.jpg,wyay
1773.jpg,C5bD
1774.jpg,8xnC
1775.jpg,hV0J
1776.jpg,rdBG
1777.jpg,txhh
1778.jpg,oANc
1779.jpg,70an
1780.jpg,X5d5
1781.jpg,aa8C
1782.jpg,nI6w
1783.jpg,DzJA
1784.jpg,A4Kz
1785.jpg,Z4Tl
1786.jpg,LtAT
1787.jpg,tNYZ
1788.jpg,BSTs
1789.jpg,ajL4
1790.jpg,hNvY
1791.jpg,mVA1
1792.jpg,iz5Q
1793.jpg,jD3M
1794.jpg,3OXG
1795.jpg,fJ9R
1796.jpg,VrXJ
1797.jpg,NRNZ
1798.jpg,zVh7
1799.jpg,dqrG
1800.jpg,I4DB
1801.jpg,7O8H
1802.jpg,0QWZ
1803.jpg,ZHKQ
1804.jpg,u0fi
1805.jpg,k8MN
1806.jpg,sm96
1807.jpg,SKfN
1808.jpg,LKGh
1809.jpg,DMJn
1810.jpg,aIjZ
1811.jpg,ve44
1812.jpg,JQFq
1813.jpg,yiNA
1814.jpg,2cit
1815.jpg,fVzs
1816.jpg,SiXQ
1817.jpg,mAeC
1818.jpg,CiJe
1819.jpg,x9ra
1820.jpg,4VAp
1821.jpg,P776
1822.jpg,nqVg
1823.jpg,hmcZ
1824.jpg,lXXR
1825.jpg,OHdo
1826.jpg,RBrJ
1827.jpg,NLve
1828.jpg,hMfe
1829.jpg,RtJD
1830.jpg,Kocf
1831.jpg,OZCS
1832.jpg,1m3V
1833.jpg,9rX0
1834.jpg,19tP
1835.jpg,YOTa
1836.jpg,PtBS
1837.jpg,A22Z
1838.jpg,IEcX
1839.jpg,lmGe
1840.jpg,Pner
1841.jpg,wo2C
1842.jpg,WKgI
1843.jpg,NcY6
1844.jpg,GvLW
1845.jpg,kSt9
1846.jpg,yLJi
1847.jpg,YzWZ
1848.jpg,KoY1
1849.jpg,5zZc
1850.jpg,GB82
1851.jpg,JV2W
1852.jpg,QRLU
1853.jpg,UMMp
1854.jpg,54qh
1855.jpg,Mpi8
1856.jpg,LZ8P
1857.jpg,TeXV
1858.jpg,90h8
1859.jpg,oWwJ
1860.jpg,PUyM
1861.jpg,ndme
1862.jpg,sMZ6
1863.jpg,F4WJ
1864.jpg,t4sJ
1865.jpg,fLDw
1866.jpg,3e6U
1867.jpg,fg20
1868.jpg,6AKn
1869.jpg,Lkdu
1870.jpg,zB1n
1871.jpg,Yb40
1872.jpg,oIyy
1873.jpg,4ugE
1874.jpg,tFEF
1875.jpg,DjjJ
1876.jpg,MP1D
1877.jpg,vMiT
1878.jpg,mPQp
1879.jpg,LygB
1880.jpg,Q5Mm
1881.jpg,yNr0
1882.jpg,sXaZ
1883.jpg,vTut
1884.jpg,HmK1
1885.jpg,Ox7F
1886.jpg,mxQy
1887.jpg,ytW5
1888.jpg,Vopb
1889.jpg,lCBK
1890.jpg,crN0
1891.jpg,vJuj
1892.jpg,vSt8
1893.jpg,5t0c
1894.jpg,93KO
1895.jpg,Tjib
1896.jpg,gScV
1897.jpg,1rU9
1898.jpg,YL4N
1899.jpg,EnV1
1900.jpg,d3E1
1901.jpg,Kv7F
1902.jpg,ddN5
1903.jpg,VYcs
1904.jpg,lebx
1905.jpg,hajA
1906.jpg,xo4f
1907.jpg,FMth
1908.jpg,3rEx
1909.jpg,RTcD
1910.jpg,YZSE
1911.jpg,wgrT
1912.jpg,lJui
1913.jpg,ZwYN
1914.jpg,UiOR
1915.jpg,64OY
1916.jpg,ZEAJ
1917.jpg,rUQm
1918.jpg,wrIV
1919.jpg,I4pR
1920.jpg,6n0P
1921.jpg,b4Uj
1922.jpg,KZth
1923.jpg,u6UC
1924.jpg,JQHb
1925.jpg,bwBn
1926.jpg,nxAe
1927.jpg,FXzI
1928.jpg,bqym
1929.jpg,olk0
1930.jpg,lfjK
1931.jpg,gjen
1932.jpg,POsB
1933.jpg,9iUL
1934.jpg,SfcM
1935.jpg,6RwV
1936.jpg,q0sA
1937.jpg,GOvb
1938.jpg,hhKu
1939.jpg,xk3o
1940.jpg,sxQA
1941.jpg,Vfp5
1942.jpg,rHru
1943.jpg,3NtY
1944.jpg,2YPk
1945.jpg,yYlA
1946.jpg,diGQ
1947.jpg,jGD7
1948.jpg,BVrz
1949.jpg,YYRJ
1950.jpg,1GWJ
1951.jpg,hpG8
1952.jpg,AIHX
1953.jpg,Ubg1
1954.jpg,vRLK
1955.jpg,nh0r
1956.jpg,GbLw
1957.jpg,9j50
1958.jpg,kBHv
1959.jpg,VXZj
1960.jpg,9c87
1961.jpg,Yi2x
1962.jpg,nG2s
1963.jpg,zqnx
1964.jpg,TxSl
1965.jpg,TgSl
1966.jpg,D5TR
1967.jpg,NAIL
1968.jpg,0BzA
1969.jpg,eQAt
1970.jpg,NAvg
1971.jpg,hHwP
1972.jpg,4CpT
1973.jpg,SJIl
1974.jpg,iHaW
1975.jpg,YEnV
1976.jpg,LONI
1977.jpg,MFUX
1978.jpg,m8BB
1979.jpg,7njW
1980.jpg,bHG9
1981.jpg,SE6R
1982.jpg,e7xk
1983.jpg,iIu1
1984.jpg,b2JJ
1985.jpg,LL1u
1986.jpg,JbPB
1987.jpg,pojx
1988.jpg,22Nq
1989.jpg,Rpv6
1990.jpg,C28b
1991.jpg,pqmz
1992.jpg,XlLL
1993.jpg,22nL
1994.jpg,GDoc
1995.jpg,sCjh
1996.jpg,ZOLM
1997.jpg,8AMb
1998.jpg,wHft
1999.jpg,RZK9
2000.jpg,FOQj
2001.jpg,efQ6
2002.jpg,H9zb
2003.jpg,9sR2
2004.jpg,Swzd
2005.jpg,jZ0E
2006.jpg,KG8c
2007.jpg,HTLm
2008.jpg,bHWh
2009.jpg,N7Ga
2010.jpg,CIz9
2011.jpg,OxSl
2012.jpg,0dYm
2013.jpg,jmwX
2014.jpg,aDi4
2015.jpg,dTzF
2016.jpg,0Wtp
2017.jpg,1llg
2018.jpg,8mXT
2019.jpg,E58Q
2020.jpg,RH49
2021.jpg,l7dU
2022.jpg,Gc7M
2023.jpg,sdU9
2024.jpg,oXP4
2025.jpg,LCMB
2026.jpg,5CIc
2027.jpg,kbDL
2028.jpg,Ob9e
2029.jpg,Awjc
2030.jpg,AQP1
2031.jpg,8EBa
2032.jpg,e76B
2033.jpg,SFab
2034.jpg,NIKe
2035.jpg,YvXH
2036.jpg,dJk0
2037.jpg,pJCl
2038.jpg,Bi90
2039.jpg,VWhv
2040.jpg,oNCW
2041.jpg,XXXP
2042.jpg,MnKb
2043.jpg,qUGA
2044.jpg,FnLa
2045.jpg,MjS7
2046.jpg,T0Bp
2047.jpg,LbsW
2048.jpg,aO9P
2049.jpg,edC5
2050.jpg,4lWW
2051.jpg,bW2C
2052.jpg,zA9F
2053.jpg,SZ1b
2054.jpg,pIiy
2055.jpg,yijh
2056.jpg,JiGh
2057.jpg,xB6h
2058.jpg,WDJw
2059.jpg,hL8v
2060.jpg,Elsp
2061.jpg,twWF
2062.jpg,mqUv
2063.jpg,5jnZ
2064.jpg,v0lQ
2065.jpg,FyX9
2066.jpg,HvoF
2067.jpg,EuXu
2068.jpg,oPy1
2069.jpg,tMfm
2070.jpg,fGub
2071.jpg,zfuC
2072.jpg,Jnp2
2073.jpg,F4AC
2074.jpg,Xvq0
2075.jpg,dCJi
2076.jpg,8dwv
2077.jpg,9iEG
2078.jpg,WyXr
2079.jpg,lRau
2080.jpg,c9fu
2081.jpg,JdE0
2082.jpg,SZoN
2083.jpg,BFE3
2084.jpg,bmAL
2085.jpg,55pU
2086.jpg,TAMT
2087.jpg,6drv
2088.jpg,mCHj
2089.jpg,BZZZ
2090.jpg,GO9E
2091.jpg,V7fG
2092.jpg,VGW6
2093.jpg,ElcS
2094.jpg,ykbF
2095.jpg,WSMv
2096.jpg,xc5E
2097.jpg,FTuI
2098.jpg,ArbT
2099.jpg,0ETf
2100.jpg,h6T7
2101.jpg,Yx2S
2102.jpg,nFPH
2103.jpg,76Dp
2104.jpg,JUoA
2105.jpg,x4fm
2106.jpg,E48X
2107.jpg,CTo1
2108.jpg,oGUI
2109.jpg,VX3X
2110.jpg,l2Dd
2111.jpg,YXOH
2112.jpg,91c5
2113.jpg,AjvX
2114.jpg,2GB8
2115.jpg,DkAL
2116.jpg,Dvj7
2117.jpg,pAvy
2118.jpg,08xF
2119.jpg,5wBV
2120.jpg,PLHI
2121.jpg,JaFT
2122.jpg,Qxpe
2123.jpg,sEn1
2124.jpg,XM99
2125.jpg,BFt7
2126.jpg,Ck3K
2127.jpg,gKbO
2128.jpg,Vk8u
2129.jpg,uf16
2130.jpg,PyXa
2131.jpg,jwqL
2132.jpg,6bUB
2133.jpg,y5jc
2134.jpg,ZQmp
2135.jpg,kKrp
2136.jpg,3WKM
2137.jpg,2uGX
2138.jpg,mxDG
2139.jpg,Ulmk
2140.jpg,qloc
2141.jpg,8xGc
2142.jpg,z13I
2143.jpg,NWhd
2144.jpg,34kw
2145.jpg,Dk22
2146.jpg,CDh0
2147.jpg,EQzr
2148.jpg,1IY8
2149.jpg,h5c0
2150.jpg,OHVs
2151.jpg,KYyy
2152.jpg,IdRT
2153.jpg,0j6d
2154.jpg,jo0u
2155.jpg,DmNa
2156.jpg,ecyJ
2157.jpg,WLs8
2158.jpg,FfF1
2159.jpg,27V4
2160.jpg,FzsB
2161.jpg,PSER
2162.jpg,4dp8
2163.jpg,ZlRY
2164.jpg,ytK2
2165.jpg,THR9
2166.jpg,jXHP
2167.jpg,jXiZ
2168.jpg,Efog
2169.jpg,g4XK
2170.jpg,8G7y
2171.jpg,G0bG
2172.jpg,3DP9
2173.jpg,XMP3
2174.jpg,NAL9
2175.jpg,B1WR
2176.jpg,5h3z
2177.jpg,YF90
2178.jpg,7GeH
2179.jpg,QHsu
2180.jpg,uNG8
2181.jpg,I2nt
2182.jpg,96uK
2183.jpg,ZO4c
2184.jpg,TuZq
2185.jpg,q7GQ
2186.jpg,9QNV
2187.jpg,1d4o
2188.jpg,IKOu
2189.jpg,Z5P5
2190.jpg,Ip22
2191.jpg,Vxt8
2192.jpg,4hoy
2193.jpg,jHrC
2194.jpg,3pLr
2195.jpg,nDEA
2196.jpg,0Q6n
2197.jpg,Ed5z
2198.jpg,kHYv
2199.jpg,sIIu
2200.jpg,ocmI
2201.jpg,DTSm
2202.jpg,6fYz
2203.jpg,IxNf
2204.jpg,Z7db
2205.jpg,1m4s
2206.jpg,nX2u
2207.jpg,YnHH
2208.jpg,YA6J
2209.jpg,PQJO
2210.jpg,6GXT
2211.jpg,fpLS
2212.jpg,ChHC
2213.jpg,vY8d
2214.jpg,mTY2
2215.jpg,qUYc
2216.jpg,myoR
2217.jpg,7lOy
2218.jpg,ypDy
2219.jpg,Crhz
2220.jpg,WHvr
2221.jpg,Y1tS
2222.jpg,3iv6
2223.jpg,LNoB
2224.jpg,puWn
2225.jpg,IbMQ
2226.jpg,MRXh
2227.jpg,kQSV
2228.jpg,vapt
2229.jpg,Jj9q
2230.jpg,z2b4
2231.jpg,z396
2232.jpg,pgJx
2233.jpg,mBlN
2234.jpg,PYBF
2235.jpg,0s4h
2236.jpg,IxRu
2237.jpg,R0id
2238.jpg,gj5t
2239.jpg,lLsP
2240.jpg,qJSL
2241.jpg,uu62
2242.jpg,FRar
2243.jpg,FCDJ
2244.jpg,KwJf
2245.jpg,OrWE
2246.jpg,yGQu
2247.jpg,QqyH
2248.jpg,sV4a
2249.jpg,C44U
2250.jpg,CAyk
2251.jpg,oaHD
2252.jpg,9NQD
2253.jpg,8xiW
2254.jpg,ZY08
2255.jpg,7gUv
2256.jpg,DnBz
2257.jpg,7DNT
2258.jpg,nh2u
2259.jpg,Tq0F
2260.jpg,4HQk
2261.jpg,3oSd
2262.jpg,zPLb
2263.jpg,ycfe
2264.jpg,IIrV
2265.jpg,azCt
2266.jpg,a4SQ
2267.jpg,wL7o
2268.jpg,bKKS
2269.jpg,TESQ
2270.jpg,KnfX
2271.jpg,caLz
2272.jpg,uhPG
2273.jpg,XH7t
2274.jpg,MNZb
2275.jpg,koKx
2276.jpg,WoO2
2277.jpg,s9Sy
2278.jpg,npuK
2279.jpg,Y88A
2280.jpg,Ca33
2281.jpg,1kmK
2282.jpg,ZVla
2283.jpg,2Rqt
2284.jpg,NRTK
2285.jpg,90J2
2286.jpg,OCB2
2287.jpg,29pB
2288.jpg,DDuu
2289.jpg,MEzr
2290.jpg,IrpP
2291.jpg,sJIw
2292.jpg,9s4v
2293.jpg,WvaI
2294.jpg,VINk
2295.jpg,kRCb
2296.jpg,wqrn
2297.jpg,Vh0x
2298.jpg,sCG0
2299.jpg,qbA4
2300.jpg,Uyow
2301.jpg,6jP1
2302.jpg,3Kr1
2303.jpg,NeeX
2304.jpg,iJEL
2305.jpg,T3Cc
2306.jpg,ugB6
2307.jpg,PSki
2308.jpg,cffx
2309.jpg,mOHa
2310.jpg,zgbv
2311.jpg,TYf9
2312.jpg,mt3r
2313.jpg,ptTP
2314.jpg,JHlU
2315.jpg,vab1
2316.jpg,J3sY
2317.jpg,vcxC
2318.jpg,wziO
2319.jpg,v2rX
2320.jpg,kYYu
2321.jpg,OqIi
2322.jpg,Dv77
2323.jpg,UbkN
2324.jpg,lyBC
2325.jpg,do1r
2326.jpg,ajvb
2327.jpg,Y3Il
2328.jpg,w7sD
2329.jpg,tFri
2330.jpg,ycAO
2331.jpg,X0Cn
2332.jpg,ArWX
2333.jpg,ScG8
2334.jpg,OuJj
2335.jpg,e1x7
2336.jpg,YZq9
2337.jpg,vRvb
2338.jpg,nZwc
2339.jpg,oI1A
2340.jpg,Bzk6
2341.jpg,diWu
2342.jpg,SP3T
2343.jpg,2FpU
2344.jpg,yALZ
2345.jpg,E87b
2346.jpg,ERoX
2347.jpg,Cxfa
2348.jpg,fNs5
2349.jpg,NME5
2350.jpg,0mOu
2351.jpg,b1ja
2352.jpg,lH9a
2353.jpg,Q0Ff
2354.jpg,ZuuC
2355.jpg,lpAw
2356.jpg,q8du
2357.jpg,LOff
2358.jpg,R1vv
2359.jpg,zNzj
2360.jpg,CzBu
2361.jpg,mLOE
2362.jpg,Zkyo
2363.jpg,GNhN
2364.jpg,gY8x
2365.jpg,3NJl
2366.jpg,qGAq
2367.jpg,gD8S
2368.jpg,Jnoj
2369.jpg,6aWx
2370.jpg,Tr2P
2371.jpg,Pnc4
2372.jpg,EPPW
2373.jpg,OWmg
2374.jpg,XxYH
2375.jpg,aa48
2376.jpg,IhGe
2377.jpg,FdoL
2378.jpg,OTXV
2379.jpg,V1ST
2380.jpg,P09p
2381.jpg,6g7q
2382.jpg,ZizK
2383.jpg,XZwm
2384.jpg,TICj
2385.jpg,LL14
2386.jpg,Uhkp
2387.jpg,9pJc
2388.jpg,7d5V
2389.jpg,sUYl
2390.jpg,FBe6
2391.jpg,qODD
2392.jpg,Xxq1
2393.jpg,GHaq
2394.jpg,LgpT
2395.jpg,eCNa
2396.jpg,oGNx
2397.jpg,cwjX
2398.jpg,vM4w
2399.jpg,ZN6X
2400.jpg,CNJt
2401.jpg,MmAl
2402.jpg,JOAb
2403.jpg,t1Vg
2404.jpg,xnwu
2405.jpg,lHe4
2406.jpg,UmxT
2407.jpg,2Qi5
2408.jpg,iwKH
2409.jpg,a2wV
2410.jpg,nv1o
2411.jpg,xL6p
2412.jpg,9TPu
2413.jpg,RRi6
2414.jpg,ve6l
2415.jpg,XjXZ
2416.jpg,7jwV
2417.jpg,Z21i
2418.jpg,0gXk
2419.jpg,eaub
2420.jpg,FS6Z
2421.jpg,Tfv7
2422.jpg,VPbs
2423.jpg,JCcs
2424.jpg,Ji7F
2425.jpg,cdRO
2426.jpg,YEf5
2427.jpg,pVoq
2428.jpg,F2Jc
2429.jpg,KTIW
2430.jpg,Jt9B
2431.jpg,D7QU
2432.jpg,WZi6
2433.jpg,ZeKM
2434.jpg,6QPK
2435.jpg,Busj
2436.jpg,Df7e
2437.jpg,14aG
2438.jpg,FwNn
2439.jpg,p1q7
2440.jpg,auBW
2441.jpg,jqbZ
2442.jpg,LLNT
2443.jpg,aB5I
2444.jpg,RlE3
2445.jpg,X9AQ
2446.jpg,KUtF
2447.jpg,SVNy
2448.jpg,0vJc
2449.jpg,GKKO
2450.jpg,95FS
2451.jpg,JRq4
2452.jpg,hWZq
2453.jpg,jFkN
2454.jpg,TPCA
2455.jpg,O8iQ
2456.jpg,2on3
2457.jpg,koX7
2458.jpg,rRqn
2459.jpg,Q45Y
2460.jpg,RUgW
2461.jpg,A64Y
2462.jpg,MqP3
2463.jpg,zq2h
2464.jpg,6cv7
2465.jpg,Lgcs
2466.jpg,BKyO
2467.jpg,yV9K
2468.jpg,AfXO
2469.jpg,kmec
2470.jpg,OJ2N
2471.jpg,n0Hl
2472.jpg,inf8
2473.jpg,HkKZ
2474.jpg,Rvb1
2475.jpg,NvCQ
2476.jpg,Ghz4
2477.jpg,Ik6C
2478.jpg,6CiU
2479.jpg,kFez
2480.jpg,2Mbq
2481.jpg,l4vu
2482.jpg,ie3j
2483.jpg,SxpO
2484.jpg,RBg9
2485.jpg,mxXw
2486.jpg,XSKK
2487.jpg,q9lB
2488.jpg,dbhv
2489.jpg,sO0R
2490.jpg,caop
2491.jpg,zWaA
2492.jpg,BfUc
2493.jpg,oQSY
2494.jpg,zlzk
2495.jpg,oN6A
2496.jpg,l43p
2497.jpg,I26s
2498.jpg,YmM9
2499.jpg,SXmj
2500.jpg,I2ef
2501.jpg,oTZK
2502.jpg,5wMK
2503.jpg,1RCF
2504.jpg,rvdx
2505.jpg,I2W8
2506.jpg,b1Gx
2507.jpg,qLYo
2508.jpg,lwxY
2509.jpg,gshg
2510.jpg,GJq7
2511.jpg,tzxK
2512.jpg,nLKM
2513.jpg,63zr
2514.jpg,gs6u
2515.jpg,7gqM
2516.jpg,gNUp
2517.jpg,XJLr
2518.jpg,dBv2
2519.jpg,A4DZ
2520.jpg,HiPl
2521.jpg,12OY
2522.jpg,ZAYR
2523.jpg,yQn5
2524.jpg,4CK6
2525.jpg,HyQT
2526.jpg,zUnw
2527.jpg,nc6R
2528.jpg,c9r0
2529.jpg,7O2e
2530.jpg,D6cp
2531.jpg,vLGs
2532.jpg,AgVw
2533.jpg,Cujf
2534.jpg,wPCc
2535.jpg,pKaP
2536.jpg,e8Jn
2537.jpg,9nC4
2538.jpg,j8b8
2539.jpg,SHTv
2540.jpg,u5NM
2541.jpg,fFW5
2542.jpg,4UH0
2543.jpg,rUHw
2544.jpg,1pUp
2545.jpg,ZzcV
2546.jpg,SUNT
2547.jpg,s9p9
2548.jpg,3TGi
2549.jpg,l3lm
2550.jpg,eq1E
2551.jpg,Krms
2552.jpg,y5CH
2553.jpg,90Pt
2554.jpg,b0GU
2555.jpg,tkKb
2556.jpg,rxDK
2557.jpg,up2r
2558.jpg,hBoW
2559.jpg,OZud
2560.jpg,49r5
2561.jpg,A9g4
2562.jpg,dnC8
2563.jpg,7zD3
2564.jpg,VLS6
2565.jpg,2CDv
2566.jpg,2pNW
2567.jpg,IvoL
2568.jpg,ZPsr
2569.jpg,WogA
2570.jpg,Sqhs
2571.jpg,FAp0
2572.jpg,SO3z
2573.jpg,iTxi
2574.jpg,hPC6
2575.jpg,DvZz
2576.jpg,TnGv
2577.jpg,kZFr
2578.jpg,U8Na
2579.jpg,AEhS
2580.jpg,5cBF
2581.jpg,gZcY
2582.jpg,1PxJ
2583.jpg,Exq4
2584.jpg,vQKE
2585.jpg,7iG2
2586.jpg,vDpB
2587.jpg,Pc66
2588.jpg,LRc3
2589.jpg,TwBD
2590.jpg,0sqT
2591.jpg,DsrH
2592.jpg,FRLs
2593.jpg,jO1l
2594.jpg,XcPG
2595.jpg,oqEm
2596.jpg,7Inm
2597.jpg,5BcP
2598.jpg,BNGe
2599.jpg,akPy
2600.jpg,XtxQ
2601.jpg,DBIo
2602.jpg,P6HB
2603.jpg,Zb3j
2604.jpg,KuuE
2605.jpg,WSiD
2606.jpg,eqvF
2607.jpg,M4Wo
2608.jpg,yMzT
2609.jpg,5OFr
2610.jpg,TGm6
2611.jpg,1Or5
2612.jpg,UvoG
2613.jpg,XQst
2614.jpg,xQb2
2615.jpg,lssV
2616.jpg,8JUn
2617.jpg,Wc2Z
2618.jpg,KYqv
2619.jpg,yRcj
2620.jpg,03bZ
2621.jpg,KimM
2622.jpg,6h20
2623.jpg,TZID
2624.jpg,Om7n
2625.jpg,ELWb
2626.jpg,71Vq
2627.jpg,HEMZ
2628.jpg,sbW7
2629.jpg,PQck
2630.jpg,IRJc
2631.jpg,MfuO
2632.jpg,KOXY
2633.jpg,WiQ8
2634.jpg,3ugh
2635.jpg,qrF1
2636.jpg,RpqE
2637.jpg,7ong
2638.jpg,PTlf
2639.jpg,XdNB
2640.jpg,l3xI
2641.jpg,Rkgw
2642.jpg,0Z9d
2643.jpg,wWEl
2644.jpg,5PqC
2645.jpg,fVFt
2646.jpg,NNRj
2647.jpg,LZwl
2648.jpg,QxHH
2649.jpg,npnr
2650.jpg,JBLq
2651.jpg,o1fA
2652.jpg,Gpyc
2653.jpg,zBnj
2654.jpg,2WhF
2655.jpg,KUVO
2656.jpg,jffd
2657.jpg,a9oc
2658.jpg,Opka
2659.jpg,0pFy
2660.jpg,BknW
2661.jpg,7I7t
2662.jpg,N7CN
2663.jpg,lYeo
2664.jpg,o79f
2665.jpg,IeUP
2666.jpg,IGvb
2667.jpg,x6NL
2668.jpg,D4aj
2669.jpg,lOJ1
2670.jpg,WMN9
2671.jpg,t2wM
2672.jpg,66kz
2673.jpg,Z07q
2674.jpg,iH4h
2675.jpg,Vp4h
2676.jpg,xzUb
2677.jpg,5Wjf
2678.jpg,5mKm
2679.jpg,qJXR
2680.jpg,VAt3
2681.jpg,qqFz
2682.jpg,W3dR
2683.jpg,SkXm
2684.jpg,64EY
2685.jpg,ud7w
2686.jpg,aCZu
2687.jpg,NZIA
2688.jpg,jzJt
2689.jpg,TM8A
2690.jpg,tLDC
2691.jpg,ghQo
2692.jpg,jCA8
2693.jpg,XphZ
2694.jpg,F8T8
2695.jpg,Qwtt
2696.jpg,trUt
2697.jpg,3mOj
2698.jpg,bd08
2699.jpg,x5uL
2700.jpg,MxCW
2701.jpg,JFjr
2702.jpg,WRAv
2703.jpg,0zGd
2704.jpg,O8Ql
2705.jpg,l0de
2706.jpg,IU6W
2707.jpg,tytN
2708.jpg,d0LX
2709.jpg,mo2J
2710.jpg,4xFg
2711.jpg,uB9G
2712.jpg,n6fd
2713.jpg,GjkC
2714.jpg,6X9j
2715.jpg,LJuj
2716.jpg,srDS
2717.jpg,JppF
2718.jpg,7QIu
2719.jpg,nSKR
2720.jpg,Z0wX
2721.jpg,6FSt
2722.jpg,cHGe
2723.jpg,Aq3k
2724.jpg,1cbb
2725.jpg,WfP3
2726.jpg,QOai
2727.jpg,IETc
2728.jpg,lFyS
2729.jpg,bPhz
2730.jpg,aYkQ
2731.jpg,tB9V
2732.jpg,R6J7
2733.jpg,4T3A
2734.jpg,pOlv
2735.jpg,bjhx
2736.jpg,sUVR
2737.jpg,UeEm
2738.jpg,Yl2B
2739.jpg,pV17
2740.jpg,3mV3
2741.jpg,wxOH
2742.jpg,dsj3
2743.jpg,YVPo
2744.jpg,c8Q5
2745.jpg,W3P1
2746.jpg,GiVW
2747.jpg,9Jq9
2748.jpg,szAV
2749.jpg,D7df
2750.jpg,h1Sh
2751.jpg,PGtu
2752.jpg,8Ceo
2753.jpg,IDQR
2754.jpg,Fyud
2755.jpg,MXp0
2756.jpg,4YCh
2757.jpg,fjDc
2758.jpg,6WJu
2759.jpg,mVvD
2760.jpg,luOV
2761.jpg,eF6i
2762.jpg,W9LO
2763.jpg,NBcB
2764.jpg,sSz9
2765.jpg,vY9T
2766.jpg,66Hm
2767.jpg,TEc6
2768.jpg,GQ0i
2769.jpg,eSJj
2770.jpg,7ouU
2771.jpg,WOLK
2772.jpg,6BD3
2773.jpg,HhOj
2774.jpg,B92w
2775.jpg,9td5
2776.jpg,7tlj
2777.jpg,UADk
2778.jpg,ALg9
2779.jpg,RllR
2780.jpg,aCDm
2781.jpg,9a05
2782.jpg,daq2
2783.jpg,B7KX
2784.jpg,NJrp
2785.jpg,I9v8
2786.jpg,su7F
2787.jpg,wtVV
2788.jpg,AcpX
2789.jpg,fjyv
2790.jpg,HmnZ
2791.jpg,fX7r
2792.jpg,kEqK
2793.jpg,K2TC
2794.jpg,D2oa
2795.jpg,S4EM
2796.jpg,UeJC
2797.jpg,5yoQ
2798.jpg,BsJF
2799.jpg,ofzB
2800.jpg,pOLo
2801.jpg,6teD
2802.jpg,s5PN
2803.jpg,Qu0I
2804.jpg,uwUP
2805.jpg,bnTs
2806.jpg,AIjn
2807.jpg,H6QR
2808.jpg,WdeT
2809.jpg,nTI2
2810.jpg,9AUj
2811.jpg,iDHJ
2812.jpg,Wmkp
2813.jpg,LRzt
2814.jpg,UChF
2815.jpg,FdFY
2816.jpg,4AZc
2817.jpg,Y5nR
2818.jpg,x2PF
2819.jpg,X93f
2820.jpg,Rv3f
2821.jpg,LsK9
2822.jpg,48kM
2823.jpg,nrUF
2824.jpg,ATwR
2825.jpg,tUSK
2826.jpg,5W6Q
2827.jpg,5wka
2828.jpg,waT4
2829.jpg,DVJt
2830.jpg,DGXs
2831.jpg,p4Ns
2832.jpg,yXn2
2833.jpg,sdQd
2834.jpg,9DGv
2835.jpg,kMiL
2836.jpg,hq4C
2837.jpg,7FB7
2838.jpg,QBy3
2839.jpg,lLWt
2840.jpg,hfU5
2841.jpg,ronA
2842.jpg,dcSo
2843.jpg,gESX
2844.jpg,eAF1
2845.jpg,MNYg
2846.jpg,iG2X
2847.jpg,FVZW
2848.jpg,fSRA
2849.jpg,sl77
2850.jpg,yiez
2851.jpg,vmvw
2852.jpg,dLyY
2853.jpg,yAm6
2854.jpg,pAhq
2855.jpg,L6hh
2856.jpg,HzyY
2857.jpg,ljFP
2858.jpg,ZH8P
2859.jpg,hVzZ
2860.jpg,16tU
2861.jpg,eo1t
2862.jpg,azBb
2863.jpg,wZ8X
2864.jpg,oj4C
2865.jpg,UsPQ
2866.jpg,WuNx
2867.jpg,8JYE
2868.jpg,ohWa
2869.jpg,vZfB
2870.jpg,y0JY
2871.jpg,WOCY
2872.jpg,8daS
2873.jpg,kzDg
2874.jpg,lzfw
2875.jpg,aJ32
2876.jpg,TkZz
2877.jpg,SCoW
2878.jpg,9sfR
2879.jpg,2qEj
2880.jpg,8Akz
2881.jpg,SuGt
2882.jpg,a5wX
2883.jpg,iiHr
2884.jpg,EAyc
2885.jpg,6lt3
2886.jpg,tJyS
2887.jpg,Hmo2
2888.jpg,hSYq
2889.jpg,GzDz
2890.jpg,grZp
2891.jpg,5DFK
2892.jpg,yjjL
2893.jpg,MTvZ
2894.jpg,ZWAh
2895.jpg,YsAk
2896.jpg,n7Tb
2897.jpg,zGMl
2898.jpg,ygcV
2899.jpg,DAQG
2900.jpg,Az4j
2901.jpg,pBPm
2902.jpg,jwfn
2903.jpg,z3sg
2904.jpg,ZB8Q
2905.jpg,WPWh
2906.jpg,7SS1
2907.jpg,1l6k
2908.jpg,Affy
2909.jpg,TRz0
2910.jpg,EQq9
2911.jpg,On1B
2912.jpg,gKza
2913.jpg,eT9V
2914.jpg,LvEC
2915.jpg,C8Ta
2916.jpg,xcs1
2917.jpg,DULp
2918.jpg,C5KX
2919.jpg,W05s
2920.jpg,jrwE
2921.jpg,Pcu9
2922.jpg,NKcX
2923.jpg,zaZv
2924.jpg,CcWJ
2925.jpg,ajCt
2926.jpg,8yDr
2927.jpg,i8Br
2928.jpg,hSUa
2929.jpg,4cG1
2930.jpg,qnci
2931.jpg,fFkp
2932.jpg,4WHM
2933.jpg,zqOU
2934.jpg,zlHI
2935.jpg,pzD0
2936.jpg,QjMv
2937.jpg,KlWS
2938.jpg,C0uM
2939.jpg,eOlV
2940.jpg,H2ng
2941.jpg,D5Ms
2942.jpg,eWo7
2943.jpg,p4Hu
2944.jpg,gCpL
2945.jpg,8M5G
2946.jpg,J87w
2947.jpg,l0zT
2948.jpg,ArYD
2949.jpg,4FUK
2950.jpg,ZgmH
2951.jpg,JvP3
2952.jpg,WAac
2953.jpg,fqgs
2954.jpg,g6OF
2955.jpg,vg2i
2956.jpg,obPW
2957.jpg,o8aK
2958.jpg,hKQb
2959.jpg,UlL3
2960.jpg,Y8nA
2961.jpg,45rZ
2962.jpg,xvKn
2963.jpg,o8fB
2964.jpg,rpyL
2965.jpg,COdy
2966.jpg,fRkQ
2967.jpg,TMj3
2968.jpg,pnyd
2969.jpg,HbwZ
2970.jpg,39ow
2971.jpg,R1U6
2972.jpg,owAv
2973.jpg,5HTO
2974.jpg,7hs1
2975.jpg,SQ4Z
2976.jpg,zqxl
2977.jpg,xSEX
2978.jpg,FWDS
2979.jpg,yJRd
2980.jpg,xuah
2981.jpg,wWAs
2982.jpg,GnVV
2983.jpg,zZkn
2984.jpg,8Kdp
2985.jpg,OZIl
2986.jpg,hACw
2987.jpg,hRzV
2988.jpg,DU4a
2989.jpg,fHP2
2990.jpg,ipsN
2991.jpg,sg4K
2992.jpg,eIwC
2993.jpg,5ho4
2994.jpg,5rjn
2995.jpg,bPSt
2996.jpg,XuGQ
2997.jpg,9rrM
2998.jpg,hfdR
2999.jpg,T2sw
3000.jpg,Ye8V
3001.jpg,JAo1
3002.jpg,XnBD
3003.jpg,JDxE
3004.jpg,lqdq
3005.jpg,UF2n
3006.jpg,lCLb
3007.jpg,qGUO
3008.jpg,Zuvy
3009.jpg,xCrL
3010.jpg,ibZX
3011.jpg,EQGO
3012.jpg,spxc
3013.jpg,1ytT
3014.jpg,H4He
3015.jpg,MV6C
3016.jpg,r4WF
3017.jpg,ZSaa
3018.jpg,MoE2
3019.jpg,PZh2
3020.jpg,anM8
3021.jpg,BMTl
3022.jpg,Xw4Z
3023.jpg,WgL5
3024.jpg,3O7W
3025.jpg,2Fx4
3026.jpg,VJEX
3027.jpg,jQia
3028.jpg,gxQi
3029.jpg,E9ht
3030.jpg,9LKD
3031.jpg,bpAq
3032.jpg,Sg6p
3033.jpg,2c3B
3034.jpg,pO5E
3035.jpg,JDpm
3036.jpg,7mIM
3037.jpg,LnIu
3038.jpg,j3cz
3039.jpg,Gog1
3040.jpg,z5M5
3041.jpg,EuF4
3042.jpg,GM5L
3043.jpg,x1Pk
3044.jpg,8hw9
3045.jpg,F37M
3046.jpg,CAGw
3047.jpg,z2Wc
3048.jpg,PJYO
3049.jpg,sq8z
3050.jpg,4suJ
3051.jpg,HmUv
3052.jpg,PtQy
3053.jpg,Tt8U
3054.jpg,7kTd
3055.jpg,qx1J
3056.jpg,y0Pt
3057.jpg,VlFw
3058.jpg,OQJe
3059.jpg,NA2X
3060.jpg,mUok
3061.jpg,c3ol
3062.jpg,gIZ6
3063.jpg,tYmt
3064.jpg,3NtE
3065.jpg,H4Ph
3066.jpg,D860
3067.jpg,DWCI
3068.jpg,ce35
3069.jpg,pNmI
3070.jpg,rg75
3071.jpg,GV1t
3072.jpg,bUxL
3073.jpg,o90i
3074.jpg,284Q
3075.jpg,jj3B
3076.jpg,bzMW
3077.jpg,krz8
3078.jpg,O7nW
3079.jpg,24UX
3080.jpg,bHIz
3081.jpg,LY3T
3082.jpg,YHNC
3083.jpg,n6oY
3084.jpg,pux9
3085.jpg,iahE
3086.jpg,gNWz
3087.jpg,Cj05
3088.jpg,SHqz
3089.jpg,YY9Q
3090.jpg,66Fp
3091.jpg,UjnB
3092.jpg,Hd64
3093.jpg,qvZD
3094.jpg,QDn2
3095.jpg,bb9E
3096.jpg,6ZFM
3097.jpg,itjf
3098.jpg,Ep10
3099.jpg,OCVU
3100.jpg,7934
3101.jpg,MrWh
3102.jpg,NoFi
3103.jpg,keIA
3104.jpg,AiKs
3105.jpg,y4LK
3106.jpg,DIyO
3107.jpg,K1eW
3108.jpg,kIrV
3109.jpg,6o2t
3110.jpg,HZg2
3111.jpg,E2Xo
3112.jpg,QMNZ
3113.jpg,rjMS
3114.jpg,HbgD
3115.jpg,v4W5
3116.jpg,opYq
3117.jpg,l1kR
3118.jpg,N5He
3119.jpg,Czf2
3120.jpg,Aui9
3121.jpg,GVue
3122.jpg,E4oF
3123.jpg,O9sp
3124.jpg,r3OP
3125.jpg,NNVf
3126.jpg,EEd1
3127.jpg,Csyc
3128.jpg,68fI
3129.jpg,mv4j
3130.jpg,dFb6
3131.jpg,LqW4
3132.jpg,XA6X
3133.jpg,h5w4
3134.jpg,OTUH
3135.jpg,PBsU
3136.jpg,QXcZ
3137.jpg,mXBs
3138.jpg,zGvo
3139.jpg,YYNZ
3140.jpg,lVMz
3141.jpg,Z8oe
3142.jpg,BEke
3143.jpg,uOzd
3144.jpg,0jNh
3145.jpg,HOwu
3146.jpg,5cuf
3147.jpg,qb6T
3148.jpg,Hzzr
3149.jpg,9Vbg
3150.jpg,Huei
3151.jpg,AF5I
3152.jpg,8W34
3153.jpg,iC9U
3154.jpg,imaf
3155.jpg,0VPH
3156.jpg,55Dw
3157.jpg,aY19
3158.jpg,wjek
3159.jpg,xH3j
3160.jpg,MeOM
3161.jpg,GAyj
3162.jpg,0Zfx
3163.jpg,AX0s
3164.jpg,5K7k
3165.jpg,OO52
3166.jpg,yD26
3167.jpg,FWXh
3168.jpg,dyrX
3169.jpg,FCWN
3170.jpg,5DgY
3171.jpg,puJA
3172.jpg,s0R7
3173.jpg,o2IM
3174.jpg,w9Pe
3175.jpg,53hO
3176.jpg,wCPD
3177.jpg,7zh6
3178.jpg,ycnh
3179.jpg,kbFu
3180.jpg,Nmh6
3181.jpg,ur70
3182.jpg,32fx
3183.jpg,yeXU
3184.jpg,fXMy
3185.jpg,5JLD
3186.jpg,osf3
3187.jpg,3ftV
3188.jpg,dQgW
3189.jpg,CTNZ
3190.jpg,yMXD
3191.jpg,Py71
3192.jpg,N7Hs
3193.jpg,xov8
3194.jpg,CAnH
3195.jpg,iyGQ
3196.jpg,kVf4
3197.jpg,TK9W
3198.jpg,djGZ
3199.jpg,UWTZ
3200.jpg,QGD2
3201.jpg,Ghci
3202.jpg,1NY2
3203.jpg,xQk8
3204.jpg,11qO
3205.jpg,4DLy
3206.jpg,7VBy
3207.jpg,jIgm
3208.jpg,uIhN
3209.jpg,Peas
3210.jpg,CUAR
3211.jpg,3UhO
3212.jpg,naLM
3213.jpg,KaX8
3214.jpg,ma8S
3215.jpg,VQ1P
3216.jpg,wUNe
3217.jpg,TL1P
3218.jpg,JR2x
3219.jpg,vspD
3220.jpg,hYoa
3221.jpg,182v
3222.jpg,YXVR
3223.jpg,Ljyw
3224.jpg,0xEW
3225.jpg,lOc8
3226.jpg,CHah
3227.jpg,c8jI
3228.jpg,IwQj
3229.jpg,7WAd
3230.jpg,GXJ7
3231.jpg,3Yha
3232.jpg,L06N
3233.jpg,jgg3
3234.jpg,5zcU
3235.jpg,bIzE
3236.jpg,W2RL
3237.jpg,Urqx
3238.jpg,m9RJ
3239.jpg,NvtI
3240.jpg,9iYk
3241.jpg,QlIS
3242.jpg,z3Sg
3243.jpg,hI5t
3244.jpg,zJCJ
3245.jpg,hbPx
3246.jpg,DjgX
3247.jpg,M6Yw
3248.jpg,P92o
3249.jpg,88YL
3250.jpg,X5kp
3251.jpg,CtuW
3252.jpg,Vhn5
3253.jpg,B6H2
3254.jpg,8gFG
3255.jpg,XDgD
3256.jpg,HN70
3257.jpg,YxOn
3258.jpg,Bld3
3259.jpg,qzs7
3260.jpg,9ALU
3261.jpg,sq0f
3262.jpg,hIT4
3263.jpg,q4CH
3264.jpg,Jfur
3265.jpg,tqs6
3266.jpg,9aHF
3267.jpg,1DzR
3268.jpg,8oYE
3269.jpg,5EBG
3270.jpg,GpoL
3271.jpg,JV5m
3272.jpg,efDB
3273.jpg,6ogR
3274.jpg,uvVL
3275.jpg,5a4s
3276.jpg,AOcM
3277.jpg,yZIE
3278.jpg,ir9K
3279.jpg,ejhU
3280.jpg,aX9j
3281.jpg,kUp5
3282.jpg,N6w7
3283.jpg,XaW5
3284.jpg,dMsu
3285.jpg,uBiM
3286.jpg,Qa1c
3287.jpg,hNnY
3288.jpg,Tl3k
3289.jpg,CEbO
3290.jpg,TWIL
3291.jpg,lFsy
3292.jpg,4HF4
3293.jpg,g2mL
3294.jpg,B7xe
3295.jpg,7teM
3296.jpg,fjnI
3297.jpg,sckk
3298.jpg,2rTq
3299.jpg,9754
3300.jpg,Nxiv
3301.jpg,S4Em
3302.jpg,Mxvk
3303.jpg,lNUm
3304.jpg,1A1z
3305.jpg,ks4Q
3306.jpg,DzGD
3307.jpg,nM6T
3308.jpg,w8D9
3309.jpg,l6Vn
3310.jpg,A1Pg
3311.jpg,mNRw
3312.jpg,4UMu
3313.jpg,JeN4
3314.jpg,mW9Y
3315.jpg,GO27
3316.jpg,ck0Y
3317.jpg,FecS
3318.jpg,u9tp
3319.jpg,X0EZ
3320.jpg,Cjkk
3321.jpg,7fGC
3322.jpg,Jmdr
3323.jpg,SkDa
3324.jpg,SpwY
3325.jpg,cAiE
3326.jpg,eseN
3327.jpg,1xSa
3328.jpg,4VKP
3329.jpg,LrMC
3330.jpg,zij0
3331.jpg,gJCv
3332.jpg,XZS2
3333.jpg,ai3X
3334.jpg,ivJD
3335.jpg,8tgM
3336.jpg,W6QZ
3337.jpg,5agA
3338.jpg,r9Jd
3339.jpg,7JtC
3340.jpg,VX5e
3341.jpg,32eQ
3342.jpg,Wjcs
3343.jpg,9aJW
3344.jpg,g1B0
3345.jpg,jaSU
3346.jpg,Bwun
3347.jpg,89Py
3348.jpg,FfPI
3349.jpg,RDg7
3350.jpg,9UiI
3351.jpg,wwdq
3352.jpg,KSPq
3353.jpg,a7CY
3354.jpg,1r6k
3355.jpg,Ai7o
3356.jpg,qwFR
3357.jpg,Nz94
3358.jpg,XLZL
3359.jpg,itL2
3360.jpg,whYC
3361.jpg,gsSb
3362.jpg,TFvy
3363.jpg,gEg9
3364.jpg,EzhZ
3365.jpg,zVz0
3366.jpg,LFES
3367.jpg,BCJ9
3368.jpg,6yGg
3369.jpg,5xRI
3370.jpg,N2kE
3371.jpg,rQvX
3372.jpg,QrxN
3373.jpg,pBv5
3374.jpg,ASqZ
3375.jpg,HJeH
3376.jpg,9fRQ
3377.jpg,vIdH
3378.jpg,zWz1
3379.jpg,WIfY
3380.jpg,WurB
3381.jpg,ukjo
3382.jpg,AoVF
3383.jpg,R3Y1
3384.jpg,dYtc
3385.jpg,ksZ9
3386.jpg,1w22
3387.jpg,sZIA
3388.jpg,E1PZ
3389.jpg,iJtS
3390.jpg,88op
3391.jpg,SWoL
3392.jpg,LjRH
3393.jpg,lhOg
3394.jpg,kCud
3395.jpg,fC3h
3396.jpg,p87A
3397.jpg,I5px
3398.jpg,7b0Q
3399.jpg,fffk
3400.jpg,5lNg
3401.jpg,gk6r
3402.jpg,sep5
3403.jpg,QxQ7
3404.jpg,ZZYz
3405.jpg,Qw5c
3406.jpg,dLzX
3407.jpg,l2rd
3408.jpg,q678
3409.jpg,HfkJ
3410.jpg,MZmg
3411.jpg,zmco
3412.jpg,j5q3
3413.jpg,DOc1
3414.jpg,Uwmo
3415.jpg,vpl0
3416.jpg,Ex0E
3417.jpg,GCmh
3418.jpg,Wjax
3419.jpg,CYwx
3420.jpg,s58S
3421.jpg,2DAt
3422.jpg,Xm7b
3423.jpg,Fz0X
3424.jpg,jtKC
3425.jpg,qq6s
3426.jpg,0uGz
3427.jpg,2OjJ
3428.jpg,OyPA
3429.jpg,WBWr
3430.jpg,u8GH
3431.jpg,3FDe
3432.jpg,uykK
3433.jpg,d5Yu
3434.jpg,alBQ
3435.jpg,aozk
3436.jpg,34DG
3437.jpg,KaIp
3438.jpg,g531
3439.jpg,a3LT
3440.jpg,2NlD
3441.jpg,L2LL
3442.jpg,okqI
3443.jpg,0OXQ
3444.jpg,rnWI
3445.jpg,nJX4
3446.jpg,Hkpp
3447.jpg,TZbW
3448.jpg,z3Lr
3449.jpg,tLnm
3450.jpg,65Fe
3451.jpg,r2Zr
3452.jpg,lE1D
3453.jpg,aNbv
3454.jpg,FHQw
3455.jpg,TKp7
3456.jpg,ou12
3457.jpg,bM1E
3458.jpg,2NP6
3459.jpg,3fCm
3460.jpg,H93U
3461.jpg,e1OY
3462.jpg,lUEG
3463.jpg,12JL
3464.jpg,zHDn
3465.jpg,BhAj
3466.jpg,gb0O
3467.jpg,aRKn
3468.jpg,PcNZ
3469.jpg,HiKl
3470.jpg,iqoR
3471.jpg,IkuU
3472.jpg,TT1R
3473.jpg,vG1Z
3474.jpg,jyOd
3475.jpg,hIFc
3476.jpg,drEf
3477.jpg,A1xG
3478.jpg,xUSW
3479.jpg,bw9n
3480.jpg,lidA
3481.jpg,3sNt
3482.jpg,wEWR
3483.jpg,u3YA
3484.jpg,wUBI
3485.jpg,UNkI
3486.jpg,d5AQ
3487.jpg,aDyT
3488.jpg,ADIT
3489.jpg,P1z8
3490.jpg,lx32
3491.jpg,XWfx
3492.jpg,ZM5t
3493.jpg,ZTH7
3494.jpg,ByG3
3495.jpg,lv9Z
3496.jpg,ppBp
3497.jpg,s4F8
3498.jpg,hoja
3499.jpg,wv05
3500.jpg,NPH8
3501.jpg,7oxp
3502.jpg,efiY
3503.jpg,A3Ff
3504.jpg,zQ25
3505.jpg,2NQn
3506.jpg,fybr
3507.jpg,lVsS
3508.jpg,r04k
3509.jpg,gbsf
3510.jpg,VGOy
3511.jpg,Fi3k
3512.jpg,huhE
3513.jpg,jaY8
3514.jpg,o2oU
3515.jpg,jTvH
3516.jpg,pOVC
3517.jpg,UV0F
3518.jpg,0Xzn
3519.jpg,NvIt
3520.jpg,xaZV
3521.jpg,gkMZ
3522.jpg,C3xD
3523.jpg,yLkc
3524.jpg,ZDxV
3525.jpg,kNWm
3526.jpg,ZXOX
3527.jpg,02hy
3528.jpg,DAMj
3529.jpg,ICV4
3530.jpg,Ljyz
3531.jpg,35t9
3532.jpg,5N1M
3533.jpg,YDid
3534.jpg,XI84
3535.jpg,L6SS
3536.jpg,haJR
3537.jpg,kZlO
3538.jpg,OXlz
3539.jpg,HiA8
3540.jpg,T2az
3541.jpg,ucYE
3542.jpg,YcdJ
3543.jpg,xhAC
3544.jpg,MleK
3545.jpg,ci7S
3546.jpg,s9n7
3547.jpg,K8oe
3548.jpg,PQKV
3549.jpg,YRb2
3550.jpg,jU3x
3551.jpg,Vjbn
3552.jpg,8x3D
3553.jpg,S13W
3554.jpg,BwXR
3555.jpg,Tchx
3556.jpg,mpFN
3557.jpg,MDsN
3558.jpg,s0fn
3559.jpg,TrbQ
3560.jpg,mlK6
3561.jpg,UMMf
3562.jpg,XpyC
3563.jpg,XuGJ
3564.jpg,frOW
3565.jpg,gdj7
3566.jpg,5Zck
3567.jpg,Q325
3568.jpg,9sWy
3569.jpg,haTu
3570.jpg,3qR5
3571.jpg,uNdb
3572.jpg,Q3kG
3573.jpg,F6E8
3574.jpg,JiAE
3575.jpg,K2ug
3576.jpg,vDuA
3577.jpg,ms1I
3578.jpg,FZPI
3579.jpg,BMfS
3580.jpg,RYrJ
3581.jpg,G9tL
3582.jpg,ln8V
3583.jpg,APxx
3584.jpg,LEMn
3585.jpg,Ye42
3586.jpg,54sp
3587.jpg,qRkD
3588.jpg,LYZV
3589.jpg,rTTm
3590.jpg,Oubr
3591.jpg,6fGJ
3592.jpg,LOUG
3593.jpg,LpuX
3594.jpg,mYmn
3595.jpg,zYDR
3596.jpg,ISN5
3597.jpg,FvSJ
3598.jpg,KYwE
3599.jpg,fOgr
3600.jpg,t0jx
3601.jpg,Hvzx
3602.jpg,qCMF
3603.jpg,aTQG
3604.jpg,QOfG
3605.jpg,nTQB
3606.jpg,kCN5
3607.jpg,ZhJU
3608.jpg,Fsvs
3609.jpg,i0kY
3610.jpg,yu6z
3611.jpg,qv34
3612.jpg,G1UX
3613.jpg,QtBJ
3614.jpg,135K
3615.jpg,sPXG
3616.jpg,CBqv
3617.jpg,lEHN
3618.jpg,Xemy
3619.jpg,quJR
3620.jpg,JDlm
3621.jpg,5ylH
3622.jpg,2MZh
3623.jpg,og2Y
3624.jpg,plaW
3625.jpg,CaaB
3626.jpg,Bn8s
3627.jpg,TMwB
3628.jpg,CsR7
3629.jpg,90Uo
3630.jpg,De4n
3631.jpg,hKdN
3632.jpg,HIv6
3633.jpg,ozuF
3634.jpg,ByRk
3635.jpg,ALzE
3636.jpg,fyaj
3637.jpg,qZh2
3638.jpg,tZBI
3639.jpg,rLAy
3640.jpg,Y8KS
3641.jpg,NB1v
3642.jpg,L3iB
3643.jpg,u2NA
3644.jpg,GXxl
3645.jpg,7R6M
3646.jpg,C2HB
3647.jpg,Y3Wf
3648.jpg,jnQi
3649.jpg,vVOT
3650.jpg,y0HQ
3651.jpg,yXB0
3652.jpg,4VK1
3653.jpg,h9ht
3654.jpg,Xz1Z
3655.jpg,ymhO
3656.jpg,7sT5
3657.jpg,1KrY
3658.jpg,nND1
3659.jpg,T1E1
3660.jpg,SDeR
3661.jpg,nlKW
3662.jpg,XtlO
3663.jpg,jQbb
3664.jpg,eNhH
3665.jpg,8ath
3666.jpg,Iemf
3667.jpg,JKeM
3668.jpg,88qu
3669.jpg,obD5
3670.jpg,y8gZ
3671.jpg,RvAt
3672.jpg,2oaB
3673.jpg,WdwG
3674.jpg,MUBC
3675.jpg,7upS
3676.jpg,cuiW
3677.jpg,8m7v
3678.jpg,AarG
3679.jpg,D7FQ
3680.jpg,jc3k
3681.jpg,d3ZR
3682.jpg,3yOQ
3683.jpg,pBoe
3684.jpg,bWhy
3685.jpg,HHB2
3686.jpg,HvAE
3687.jpg,0Hv3
3688.jpg,JNpt
3689.jpg,mcyV
3690.jpg,8NaT
3691.jpg,TRF1
3692.jpg,JfOb
3693.jpg,bUbK
3694.jpg,jXPn
3695.jpg,C7KY
3696.jpg,O5M6
3697.jpg,Li3U
3698.jpg,a3wy
3699.jpg,cVlA
3700.jpg,I7HG
3701.jpg,9OWW
3702.jpg,HOuW
3703.jpg,tawd
3704.jpg,45v0
3705.jpg,7P6M
3706.jpg,v4OL
3707.jpg,mXBm
3708.jpg,XYTd
3709.jpg,StN4
3710.jpg,Ew9f
3711.jpg,9hHq
3712.jpg,GQPa
3713.jpg,j1Nb
3714.jpg,HVxI
3715.jpg,ipkI
3716.jpg,B3Fe
3717.jpg,3IQ7
3718.jpg,IRYr
3719.jpg,no7w
3720.jpg,32a6
3721.jpg,8Z5b
3722.jpg,xb3U
3723.jpg,SHBJ
3724.jpg,FjND
3725.jpg,nhYh
3726.jpg,kfq6
3727.jpg,ncVQ
3728.jpg,yEM1
3729.jpg,sHZa
3730.jpg,ta8M
3731.jpg,gYUn
3732.jpg,4ph9
3733.jpg,oj55
3734.jpg,7p66
3735.jpg,VaH8
3736.jpg,4OeI
3737.jpg,weiE
3738.jpg,X88j
3739.jpg,ovwj
3740.jpg,UIEi
3741.jpg,qsk9
3742.jpg,qmrv
3743.jpg,vlVt
3744.jpg,UsMi
3745.jpg,n5Nh
3746.jpg,vgQf
3747.jpg,KlR0
3748.jpg,0TXO
3749.jpg,j0fW
3750.jpg,oOIj
3751.jpg,UR6P
3752.jpg,kDVz
3753.jpg,J4rv
3754.jpg,EGkq
3755.jpg,Zub2
3756.jpg,LCwI
3757.jpg,YBQo
3758.jpg,wcFf
3759.jpg,jWsg
3760.jpg,iV7w
3761.jpg,c8iT
3762.jpg,hURq
3763.jpg,Fsr3
3764.jpg,Mhai
3765.jpg,Hlok
3766.jpg,WH1T
3767.jpg,Lk0l
3768.jpg,sBce
3769.jpg,KoFA
3770.jpg,iMms
3771.jpg,uiDG
3772.jpg,GpIt
3773.jpg,gS8Z
3774.jpg,U7oS
3775.jpg,zvQ4
3776.jpg,Lzlm
3777.jpg,8Pfe
3778.jpg,7iIR
3779.jpg,kCTX
3780.jpg,rlaR
3781.jpg,maUI
3782.jpg,Yaa3
3783.jpg,CYXU
3784.jpg,Fyve
3785.jpg,t7ty
3786.jpg,Heak
3787.jpg,JJsi
3788.jpg,RwhS
3789.jpg,JeUk
3790.jpg,q3xi
3791.jpg,LshL
3792.jpg,vwwa
3793.jpg,XE8u
3794.jpg,PPRV
3795.jpg,Ci05
3796.jpg,umuI
3797.jpg,u7oN
3798.jpg,JtU4
3799.jpg,GOOH
3800.jpg,SOQf
3801.jpg,x6av
3802.jpg,q3Cl
3803.jpg,RJ4h
3804.jpg,xb23
3805.jpg,9B1N
3806.jpg,M6NG
3807.jpg,jOGo
3808.jpg,JmYC
3809.jpg,cY7a
3810.jpg,c53P
3811.jpg,sUm9
3812.jpg,YAbq
3813.jpg,EY95
3814.jpg,l4Tr
3815.jpg,nGfj
3816.jpg,QDmI
3817.jpg,x4xF
3818.jpg,uacJ
3819.jpg,rOh3
3820.jpg,Pk50
3821.jpg,CqGl
3822.jpg,HsU5
3823.jpg,FKFG
3824.jpg,3mqM
3825.jpg,GbNp
3826.jpg,Zy28
3827.jpg,fboz
3828.jpg,39Vz
3829.jpg,IbNi
3830.jpg,sJaS
3831.jpg,XcrG
3832.jpg,5Sv3
3833.jpg,a7v3
3834.jpg,8Zg2
3835.jpg,iMQE
3836.jpg,X8ql
3837.jpg,EPEF
3838.jpg,yDaO
3839.jpg,YCnj
3840.jpg,1hav
3841.jpg,GU1b
3842.jpg,TC4g
3843.jpg,dIho
3844.jpg,20KY
3845.jpg,Oocz
3846.jpg,N7UG
3847.jpg,SIpZ
3848.jpg,8a8h
3849.jpg,DCkK
3850.jpg,qLiG
3851.jpg,cqn7
3852.jpg,na2P
3853.jpg,Lo8S
3854.jpg,BiGJ
3855.jpg,QtaL
3856.jpg,UcEf
3857.jpg,TWBv
3858.jpg,mMWW
3859.jpg,oOXD
3860.jpg,ChwW
3861.jpg,ZHRE
3862.jpg,Frbs
3863.jpg,zfZt
3864.jpg,FZ6c
3865.jpg,07Y6
3866.jpg,XCic
3867.jpg,dKSf
3868.jpg,aSzv
3869.jpg,OyfA
3870.jpg,5ZbG
3871.jpg,097N
3872.jpg,xIMR
3873.jpg,xbGh
3874.jpg,u5wj
3875.jpg,LpLr
3876.jpg,jZGE
3877.jpg,pRmc
3878.jpg,unIY
3879.jpg,lgo9
3880.jpg,qm7v
3881.jpg,D2Bo
3882.jpg,mnoP
3883.jpg,faLZ
3884.jpg,Y7J9
3885.jpg,Sqn1
3886.jpg,iKTz
3887.jpg,sink
3888.jpg,PtRY
3889.jpg,qC1G
3890.jpg,TWZx
3891.jpg,BBS8
3892.jpg,DB6b
3893.jpg,wEXm
3894.jpg,CElQ
3895.jpg,92wo
3896.jpg,Lpz1
3897.jpg,ix9q
3898.jpg,2rEL
3899.jpg,htXy
3900.jpg,Vm6d
3901.jpg,udhL
3902.jpg,27c5
3903.jpg,DzUZ
3904.jpg,rUEf
3905.jpg,EMkJ
3906.jpg,LyFc
3907.jpg,dPn0
3908.jpg,hcUN
3909.jpg,lkKi
3910.jpg,mCFI
3911.jpg,EPjy
3912.jpg,DPBZ
3913.jpg,awj7
3914.jpg,Fwoc
3915.jpg,r9sP
3916.jpg,umlu
3917.jpg,oW8k
3918.jpg,mzV0
3919.jpg,sYYI
3920.jpg,ekZe
3921.jpg,tu2S
3922.jpg,UJJV
3923.jpg,MuLm
3924.jpg,9XZi
3925.jpg,7pGM
3926.jpg,gc2q
3927.jpg,YqDH
3928.jpg,s61o
3929.jpg,CeKh
3930.jpg,0rwJ
3931.jpg,bzsG
3932.jpg,pgzl
3933.jpg,LQif
3934.jpg,qHPm
3935.jpg,ktrd
3936.jpg,nkZ1
3937.jpg,yxZP
3938.jpg,9lnZ
3939.jpg,EMpS
3940.jpg,khW7
3941.jpg,Vrg8
3942.jpg,Lev2
3943.jpg,nccw
3944.jpg,QXQK
3945.jpg,dOi3
3946.jpg,B838
3947.jpg,IyPP
3948.jpg,7ftm
3949.jpg,EpLt
3950.jpg,CEPY
3951.jpg,Y3Hq
3952.jpg,mm30
3953.jpg,cpIu
3954.jpg,YtPP
3955.jpg,EYvB
3956.jpg,iSkk
3957.jpg,pT45
3958.jpg,AmU1
3959.jpg,sPIN
3960.jpg,Y1bn
3961.jpg,Z0Hh
3962.jpg,iCMJ
3963.jpg,afad
3964.jpg,YIan
3965.jpg,eWMc
3966.jpg,GqR4
3967.jpg,boG0
3968.jpg,lc35
3969.jpg,1VP8
3970.jpg,rHfr
3971.jpg,yZ4D
3972.jpg,293p
3973.jpg,PGbz
3974.jpg,BhBy
3975.jpg,76qN
3976.jpg,SMTP
3977.jpg,na0O
3978.jpg,yEl3
3979.jpg,q2rb
3980.jpg,p5tQ
3981.jpg,4x60
3982.jpg,s9JB
3983.jpg,AbQS
3984.jpg,LSbO
3985.jpg,Im8F
3986.jpg,8LXU
3987.jpg,LXx2
3988.jpg,53d6
3989.jpg,s1Zn
3990.jpg,DYdV
3991.jpg,5gQ4
3992.jpg,wuhz
3993.jpg,P8Nq
3994.jpg,6hOe
3995.jpg,lAJO
3996.jpg,3xQR
3997.jpg,OIQ9
3998.jpg,RtHa
3999.jpg,FK3O
4000.jpg,AsP4
4001.jpg,an2O
4002.jpg,uTww
4003.jpg,87IN
4004.jpg,3G12
4005.jpg,BWeq
4006.jpg,sPRq
4007.jpg,WmCd
4008.jpg,PFcd
4009.jpg,0xIR
4010.jpg,Zluo
4011.jpg,LBoY
4012.jpg,bM86
4013.jpg,G7W3
4014.jpg,JKn0
4015.jpg,o7nD
4016.jpg,HmT0
4017.jpg,H5dh
4018.jpg,p21F
4019.jpg,1B7H
4020.jpg,5fUK
4021.jpg,OVLb
4022.jpg,QRx8
4023.jpg,feZo
4024.jpg,2jBU
4025.jpg,rsC0
4026.jpg,jEKC
4027.jpg,iDCl
4028.jpg,f8xf
4029.jpg,AcGK
4030.jpg,oyRg
4031.jpg,cDYx
4032.jpg,JpQG
4033.jpg,4BQM
4034.jpg,wTMk
4035.jpg,cMbj
4036.jpg,5hd8
4037.jpg,cD3h
4038.jpg,14h2
4039.jpg,vvVu
4040.jpg,uKoP
4041.jpg,fiHC
4042.jpg,T7ia
4043.jpg,nSqi
4044.jpg,XGWo
4045.jpg,1G0H
4046.jpg,o9jO
4047.jpg,3fFx
4048.jpg,urbD
4049.jpg,7Dg3
4050.jpg,anNX
4051.jpg,gUNX
4052.jpg,ZYSH
4053.jpg,JJyl
4054.jpg,LKYY
4055.jpg,v7ng
4056.jpg,gsdB
4057.jpg,5YhW
4058.jpg,OGaZ
4059.jpg,o08H
4060.jpg,yDHd
4061.jpg,rMKQ
4062.jpg,AUYD
4063.jpg,d64S
4064.jpg,NKmb
4065.jpg,Tcjn
4066.jpg,NIxd
4067.jpg,rh4g
4068.jpg,ee5a
4069.jpg,oDTs
4070.jpg,mGJK
4071.jpg,OtM8
4072.jpg,1AqT
4073.jpg,DBZI
4074.jpg,8Y5q
4075.jpg,JrJW
4076.jpg,hg6P
4077.jpg,4mOT
4078.jpg,nap4
4079.jpg,Q8Lu
4080.jpg,JK2x
4081.jpg,1MBT
4082.jpg,IWNI
4083.jpg,PUm6
4084.jpg,AIxl
4085.jpg,mXgT
4086.jpg,3PIL
4087.jpg,Icuv
4088.jpg,Rh9C
4089.jpg,RQza
4090.jpg,XHpz
4091.jpg,FDK8
4092.jpg,YJl3
4093.jpg,9D5w
4094.jpg,FcnB
4095.jpg,vkrX
4096.jpg,mNie
4097.jpg,GvCk
4098.jpg,nPVt
4099.jpg,ygXl
4100.jpg,zndg
4101.jpg,2jsX
4102.jpg,NFv4
4103.jpg,Ictq
4104.jpg,PDqA
4105.jpg,s2AI
4106.jpg,wmAu
4107.jpg,8Rrm
4108.jpg,udIV
4109.jpg,1Vef
4110.jpg,pPyK
4111.jpg,7AFN
4112.jpg,iosI
4113.jpg,KMNs
4114.jpg,pAGx
4115.jpg,R1xx
4116.jpg,UF4P
4117.jpg,4c0W
4118.jpg,XkrH
4119.jpg,AKcZ
4120.jpg,RCfo
4121.jpg,XkkY
4122.jpg,UTwX
4123.jpg,yvpk
4124.jpg,nM4J
4125.jpg,BsvD
4126.jpg,caCl
4127.jpg,HQB7
4128.jpg,vy8n
4129.jpg,05QC
4130.jpg,tIHa
4131.jpg,t3oG
4132.jpg,ZRm3
4133.jpg,0l5T
4134.jpg,ROMW
4135.jpg,6NER
4136.jpg,Zpi2
4137.jpg,5Qan
4138.jpg,y4oD
4139.jpg,yEnN
4140.jpg,WtXg
4141.jpg,KqKa
4142.jpg,Q491
4143.jpg,CpOv
4144.jpg,GgZN
4145.jpg,w2FA
4146.jpg,bctS
4147.jpg,L75x
4148.jpg,jRIb
4149.jpg,eQfB
4150.jpg,Cu6h
4151.jpg,yuhJ
4152.jpg,DbDN
4153.jpg,WvGc
4154.jpg,GrUN
4155.jpg,h1js
4156.jpg,cl3X
4157.jpg,wlzW
4158.jpg,roGN
4159.jpg,sw7w
4160.jpg,olBO
4161.jpg,fe3s
4162.jpg,3pKT
4163.jpg,OQMH
4164.jpg,GF8t
4165.jpg,ZHRN
4166.jpg,U8D8
4167.jpg,1Bgk
4168.jpg,P4ct
4169.jpg,YJwl
4170.jpg,4BLf
4171.jpg,WTS2
4172.jpg,EXC0
4173.jpg,WrF3
4174.jpg,Czk0
4175.jpg,yOo0
4176.jpg,UQGG
4177.jpg,Y7F1
4178.jpg,UggH
4179.jpg,XrbQ
4180.jpg,wgPv
4181.jpg,nNN1
4182.jpg,0pn5
4183.jpg,8V0O
4184.jpg,Xqqd
4185.jpg,VOhp
4186.jpg,ZZyv
4187.jpg,5cVI
4188.jpg,F7fK
4189.jpg,ncGf
4190.jpg,ZLmV
4191.jpg,kSDX
4192.jpg,axPT
4193.jpg,yo1Z
4194.jpg,sX4e
4195.jpg,9m0A
4196.jpg,I2Ef
4197.jpg,9Ww2
4198.jpg,QhS5
4199.jpg,piLO
4200.jpg,T3GK
4201.jpg,HJV0
4202.jpg,ZBIY
4203.jpg,aWoq
4204.jpg,lZBt
4205.jpg,ban1
4206.jpg,Hkri
4207.jpg,howX
4208.jpg,N6Zz
4209.jpg,Udli
4210.jpg,cgvx
4211.jpg,JX4e
4212.jpg,f4j3
4213.jpg,QkXz
4214.jpg,xh0b
4215.jpg,bo6e
4216.jpg,4EsI
4217.jpg,RmKl
4218.jpg,p8Oa
4219.jpg,UFih
4220.jpg,w648
4221.jpg,o5B7
4222.jpg,aCMx
4223.jpg,aydv
4224.jpg,NOfb
4225.jpg,LH8e
4226.jpg,QMPy
4227.jpg,rV6s
4228.jpg,AeO6
4229.jpg,5k9D
4230.jpg,LgXg
4231.jpg,KZyi
4232.jpg,2fSw
4233.jpg,Fvga
4234.jpg,vEu6
4235.jpg,MDY8
4236.jpg,jE7s
4237.jpg,w7qX
4238.jpg,200a
4239.jpg,d9Ay
4240.jpg,5uzW
4241.jpg,sk06
4242.jpg,qSvz
4243.jpg,oveg
4244.jpg,Tx2Z
4245.jpg,KnfK
4246.jpg,KEYm
4247.jpg,NcMt
4248.jpg,mQMd
4249.jpg,aYh6
4250.jpg,w8jw
4251.jpg,2axA
4252.jpg,jRz5
4253.jpg,nbao
4254.jpg,xaXT
4255.jpg,S22l
4256.jpg,5BDk
4257.jpg,Di6t
4258.jpg,PiOR
4259.jpg,qbVM
4260.jpg,TV9B
4261.jpg,3r7R
4262.jpg,bAWw
4263.jpg,UC0V
4264.jpg,meDV
4265.jpg,c7r6
4266.jpg,QNPY
4267.jpg,uWzF
4268.jpg,kjPi
4269.jpg,hSf0
4270.jpg,cfv9
4271.jpg,XGxk
4272.jpg,35qU
4273.jpg,8YO3
4274.jpg,795M
4275.jpg,quGU
4276.jpg,FDMN
4277.jpg,vcxh
4278.jpg,LfGr
4279.jpg,CDfn
4280.jpg,UagA
4281.jpg,Sm55
4282.jpg,kknU
4283.jpg,EvFD
4284.jpg,rRBw
4285.jpg,3zZz
4286.jpg,FiK0
4287.jpg,XU9h
4288.jpg,ArSZ
4289.jpg,Un1l
4290.jpg,bVDn
4291.jpg,BQtx
4292.jpg,Pdjf
4293.jpg,GtWw
4294.jpg,Y5Ad
4295.jpg,wkcX
4296.jpg,4MgA
4297.jpg,InhA
4298.jpg,LOAf
4299.jpg,WF3I
4300.jpg,vr08
4301.jpg,lW2i
4302.jpg,q6zF
4303.jpg,XIT0
4304.jpg,bXlx
4305.jpg,ApF2
4306.jpg,NqtF
4307.jpg,4WnZ
4308.jpg,L0Mz
4309.jpg,haHw
4310.jpg,Fius
4311.jpg,ECOB
4312.jpg,lvYk
4313.jpg,T828
4314.jpg,bbz9
4315.jpg,kq4y
4316.jpg,vOrj
4317.jpg,Tdcr
4318.jpg,VO37
4319.jpg,H2O6
4320.jpg,Woce
4321.jpg,WRQz
4322.jpg,GBxl
4323.jpg,Y1Za
4324.jpg,V0IQ
4325.jpg,NtwQ
4326.jpg,GP7M
4327.jpg,hUmf
4328.jpg,4a2h
4329.jpg,1mba
4330.jpg,NoBm
4331.jpg,QTch
4332.jpg,0Bh6
4333.jpg,0JH0
4334.jpg,ixTu
4335.jpg,TLI1
4336.jpg,fK3U
4337.jpg,fTJ5
4338.jpg,9tRv
4339.jpg,n1B9
4340.jpg,5iVL
4341.jpg,oQJb
4342.jpg,6SWf
4343.jpg,fHr6
4344.jpg,hy3W
4345.jpg,oTOH
4346.jpg,tIKH
4347.jpg,ziBI
4348.jpg,65q0
4349.jpg,peuh
4350.jpg,IEg2
4351.jpg,xX65
4352.jpg,Zgri
4353.jpg,TAeE
4354.jpg,11Wp
4355.jpg,FFcb
4356.jpg,Y2cX
4357.jpg,Sd17
4358.jpg,LeoS
4359.jpg,HYrm
4360.jpg,a8Rw
4361.jpg,nOTr
4362.jpg,s29Q
4363.jpg,8hC2
4364.jpg,Mijy
4365.jpg,4aem
4366.jpg,RtJ6
4367.jpg,E08h
4368.jpg,nSY7
4369.jpg,cgIP
4370.jpg,rVCO
4371.jpg,1Drv
4372.jpg,N3Ic
4373.jpg,sYUh
4374.jpg,z1Lb
4375.jpg,x76M
4376.jpg,HAlS
4377.jpg,NoQ6
4378.jpg,jhUg
4379.jpg,FENi
4380.jpg,sJSx
4381.jpg,N3KG
4382.jpg,Ljx2
4383.jpg,QVZU
4384.jpg,iQ2T
4385.jpg,Gd2t
4386.jpg,wYtF
4387.jpg,DQIa
4388.jpg,AYbS
4389.jpg,3xgf
4390.jpg,ZJwD
4391.jpg,rvNs
4392.jpg,MHyN
4393.jpg,tfhV
4394.jpg,YEqv
4395.jpg,ABpN
4396.jpg,3ogk
4397.jpg,9WNA
4398.jpg,l8MV
4399.jpg,jjV1
4400.jpg,Bx7u
4401.jpg,dIQY
4402.jpg,G4Am
4403.jpg,t4VK
4404.jpg,vi2C
4405.jpg,YqtK
4406.jpg,NgO4
4407.jpg,m3RA
4408.jpg,RHrd
4409.jpg,20ey
4410.jpg,JGSx
4411.jpg,6rd6
4412.jpg,5PYz
4413.jpg,N1nL
4414.jpg,odQM
4415.jpg,Vfjh
4416.jpg,gPXT
4417.jpg,fvyu
4418.jpg,6Z1x
4419.jpg,DPJu
4420.jpg,Qy9d
4421.jpg,jSTT
4422.jpg,Yb3u
4423.jpg,pVmt
4424.jpg,opHt
4425.jpg,kuyN
4426.jpg,3IIN
4427.jpg,Wyox
4428.jpg,wXO7
4429.jpg,T1OI
4430.jpg,Qdkd
4431.jpg,npwA
4432.jpg,HEo1
4433.jpg,jDz6
4434.jpg,sjBf
4435.jpg,LLLq
4436.jpg,zLLu
4437.jpg,1gwE
4438.jpg,UqDi
4439.jpg,xpdg
4440.jpg,ggVg
4441.jpg,xBvC
4442.jpg,B4t1
4443.jpg,wuyG
4444.jpg,0ZTa
4445.jpg,wCxS
4446.jpg,mi2V
4447.jpg,5UQP
4448.jpg,NBv7
4449.jpg,kxAE
4450.jpg,cJ6K
4451.jpg,N06j
4452.jpg,XBjL
4453.jpg,AWUQ
4454.jpg,0yAM
4455.jpg,5R99
4456.jpg,QplO
4457.jpg,tDNX
4458.jpg,vh8r
4459.jpg,r8xz
4460.jpg,X0Jl
4461.jpg,z585
4462.jpg,SkrB
4463.jpg,a0Eg
4464.jpg,4vqQ
4465.jpg,S9lh
4466.jpg,PM5P
4467.jpg,jaum
4468.jpg,bDZo
4469.jpg,2i1w
4470.jpg,YNVd
4471.jpg,Dqme
4472.jpg,hu41
4473.jpg,nat4
4474.jpg,06RK
4475.jpg,qG9E
4476.jpg,ofm9
4477.jpg,k4bn
4478.jpg,DueB
4479.jpg,3jxJ
4480.jpg,wJSe
4481.jpg,Rp1S
4482.jpg,WFqS
4483.jpg,lk64
4484.jpg,JI4a
4485.jpg,MqeJ
4486.jpg,xJcR
4487.jpg,2ivt
4488.jpg,YzKE
4489.jpg,dabl
4490.jpg,djIb
4491.jpg,rcFO
4492.jpg,u4jV
4493.jpg,Sfhs
4494.jpg,Yd33
4495.jpg,jlZ1
4496.jpg,4UGG
4497.jpg,ymey
4498.jpg,rS11
4499.jpg,MwY6
4500.jpg,68tc
4501.jpg,Fwqy
4502.jpg,r1D6
4503.jpg,1Pyu
4504.jpg,zyvW
4505.jpg,k3GG
4506.jpg,btl8
4507.jpg,fg6R
4508.jpg,TF7F
4509.jpg,zsS0
4510.jpg,CN54
4511.jpg,LYaI
4512.jpg,H3GH
4513.jpg,qOLZ
4514.jpg,1vjg
4515.jpg,SVbL
4516.jpg,sw6F
4517.jpg,pcYr
4518.jpg,D33V
4519.jpg,r8oV
4520.jpg,xdK5
4521.jpg,rlJk
4522.jpg,BnDB
4523.jpg,hsSt
4524.jpg,IGDl
4525.jpg,XpWP
4526.jpg,Yb5h
4527.jpg,Ct8M
4528.jpg,ja0C
4529.jpg,V2kR
4530.jpg,BzYH
4531.jpg,Tuhu
4532.jpg,t98X
4533.jpg,oVpT
4534.jpg,wYrx
4535.jpg,fakn
4536.jpg,mqBB
4537.jpg,LoDA
4538.jpg,d8BC
4539.jpg,gUFI
4540.jpg,wQca
4541.jpg,USP7
4542.jpg,exrc
4543.jpg,kHj9
4544.jpg,0JSg
4545.jpg,XDot
4546.jpg,WiAh
4547.jpg,AhBb
4548.jpg,ZxVH
4549.jpg,fAht
4550.jpg,qlO4
4551.jpg,XccM
4552.jpg,MwWE
4553.jpg,q9EG
4554.jpg,ETH4
4555.jpg,ihmd
4556.jpg,QBgX
4557.jpg,YpKs
4558.jpg,CZOS
4559.jpg,OkOK
4560.jpg,rzrF
4561.jpg,Jl1D
4562.jpg,eK5l
4563.jpg,4AmJ
4564.jpg,cCAx
4565.jpg,6NPV
4566.jpg,siHA
4567.jpg,BQIk
4568.jpg,RzSC
4569.jpg,Q2Zd
4570.jpg,PQmK
4571.jpg,jKAL
4572.jpg,PWOY
4573.jpg,PYuf
4574.jpg,n4l6
4575.jpg,MlsH
4576.jpg,ck8w
4577.jpg,B7gA
4578.jpg,JGWK
4579.jpg,IhwV
4580.jpg,kNcr
4581.jpg,NwDj
4582.jpg,NjFW
4583.jpg,6ZR8
4584.jpg,HAqb
4585.jpg,tYEA
4586.jpg,WmFi
4587.jpg,LEVp
4588.jpg,ADdY
4589.jpg,0bZ7
4590.jpg,Q3P6
4591.jpg,tQEg
4592.jpg,oP5i
4593.jpg,Iv04
4594.jpg,IZ6Q
4595.jpg,rPoF
4596.jpg,qULO
4597.jpg,9SJO
4598.jpg,Iak8
4599.jpg,diPJ
4600.jpg,pRSg
4601.jpg,wiFg
4602.jpg,Z30O
4603.jpg,jZTi
4604.jpg,CU4y
4605.jpg,WlGf
4606.jpg,GThK
4607.jpg,i58J
4608.jpg,70c3
4609.jpg,opC9
4610.jpg,RBdB
4611.jpg,lcjb
4612.jpg,58ws
4613.jpg,3T7A
4614.jpg,5ive
4615.jpg,YJfY
4616.jpg,9jxO
4617.jpg,QmPz
4618.jpg,azLN
4619.jpg,7qgA
4620.jpg,PsHD
4621.jpg,S2hu
4622.jpg,gKda
4623.jpg,4RL6
4624.jpg,2wS0
4625.jpg,naaM
4626.jpg,tKoE
4627.jpg,8HA0
4628.jpg,CSJL
4629.jpg,X3Xy
4630.jpg,BKvq
4631.jpg,Xq9E
4632.jpg,ehio
4633.jpg,d3B2
4634.jpg,C8qh
4635.jpg,Z6GS
4636.jpg,9GaV
4637.jpg,hhsK
4638.jpg,AhKR
4639.jpg,tqeN
4640.jpg,o9VO
4641.jpg,ZK5R
4642.jpg,dcDl
4643.jpg,oXiF
4644.jpg,dXFB
4645.jpg,qu0D
4646.jpg,2Kee
4647.jpg,y5u1
4648.jpg,OYJC
4649.jpg,FLIs
4650.jpg,Hvx4
4651.jpg,Jlvi
4652.jpg,VLLM
4653.jpg,6g0Z
4654.jpg,hFOn
4655.jpg,mKPc
4656.jpg,m9fz
4657.jpg,HjRf
4658.jpg,lZeu
4659.jpg,Kob3
4660.jpg,s8si
4661.jpg,0G4Q
4662.jpg,ReUJ
4663.jpg,jcV9
4664.jpg,wSnR
4665.jpg,nSBi
4666.jpg,IXmi
4667.jpg,1Vjm
4668.jpg,8FT2
4669.jpg,1a5T
4670.jpg,3ZKH
4671.jpg,Y7Jx
4672.jpg,4sh1
4673.jpg,NV8d
4674.jpg,KKVH
4675.jpg,8VMl
4676.jpg,XxnS
4677.jpg,GHNg
4678.jpg,lH5S
4679.jpg,3jHo
4680.jpg,U220
4681.jpg,q3Wf
4682.jpg,oNSJ
4683.jpg,CaRa
4684.jpg,vbeH
4685.jpg,f8Bc
4686.jpg,QCIY
4687.jpg,bxkf
4688.jpg,3QF5
4689.jpg,mLmR
4690.jpg,BuDg
4691.jpg,5R0h
4692.jpg,bpYb
4693.jpg,iGgV
4694.jpg,sPJi
4695.jpg,eZJC
4696.jpg,ggQ3
4697.jpg,Tbz6
4698.jpg,boGF
4699.jpg,R4hd
4700.jpg,woek
4701.jpg,OgMk
4702.jpg,YZ5M
4703.jpg,gGzr
4704.jpg,TT6u
4705.jpg,LueL
4706.jpg,8o2B
4707.jpg,89S7
4708.jpg,A9HB
4709.jpg,o1xd
4710.jpg,sskf
4711.jpg,Pg0L
4712.jpg,MzHP
4713.jpg,u2jR
4714.jpg,fzQQ
4715.jpg,V5dl
4716.jpg,QSdZ
4717.jpg,5aFZ
4718.jpg,UYcM
4719.jpg,bEWX
4720.jpg,iZ5k
4721.jpg,QGK1
4722.jpg,nb1N
4723.jpg,i9xk
4724.jpg,m1Op
4725.jpg,Anz8
4726.jpg,xX4c
4727.jpg,L1sW
4728.jpg,fQYf
4729.jpg,jUbT
4730.jpg,5TaX
4731.jpg,AKZe
4732.jpg,rLbG
4733.jpg,XAQo
4734.jpg,rYrb
4735.jpg,RBMg
4736.jpg,mGlL
4737.jpg,8ApU
4738.jpg,BPn7
4739.jpg,fdvL
4740.jpg,jIl7
4741.jpg,Pe7z
4742.jpg,2Btd
4743.jpg,tgNM
4744.jpg,L51q
4745.jpg,4w8I
4746.jpg,M4cZ
4747.jpg,B1bN
4748.jpg,8dhF
4749.jpg,napf
4750.jpg,pi28
4751.jpg,VYMh
4752.jpg,W9Yt
4753.jpg,6z1K
4754.jpg,B5uj
4755.jpg,RyPg
4756.jpg,BkuL
4757.jpg,BUKx
4758.jpg,Cyft
4759.jpg,VYSw
4760.jpg,XYOh
4761.jpg,hbzl
4762.jpg,0YPX
4763.jpg,cwZ3
4764.jpg,Z6YM
4765.jpg,2SYk
4766.jpg,hBYx
4767.jpg,mwah
4768.jpg,CGQ0
4769.jpg,6Wsy
4770.jpg,j0yk
4771.jpg,Ta9H
4772.jpg,Z0K7
4773.jpg,TDc5
4774.jpg,GywH
4775.jpg,yQHW
4776.jpg,zPOZ
4777.jpg,87Yq
4778.jpg,hfp4
4779.jpg,vtEW
4780.jpg,gHH7
4781.jpg,r6s7
4782.jpg,VcL4
4783.jpg,HMiH
4784.jpg,fV0V
4785.jpg,iEBT
4786.jpg,MiLl
4787.jpg,KCrK
4788.jpg,AAZD
4789.jpg,zWgL
4790.jpg,Xkbh
4791.jpg,mAsZ
4792.jpg,21Sj
4793.jpg,eS8O
4794.jpg,kWtV
4795.jpg,wty8
4796.jpg,jaov
4797.jpg,jxzN
4798.jpg,unT3
4799.jpg,eESG
4800.jpg,a7IO
4801.jpg,AnDP
4802.jpg,1mXm
4803.jpg,KbZp
4804.jpg,jTXO
4805.jpg,I23B
4806.jpg,74L7
4807.jpg,7nyY
4808.jpg,Y8eY
4809.jpg,VE3a
4810.jpg,s3Hc
4811.jpg,O0AT
4812.jpg,ccZ0
4813.jpg,MFV0
4814.jpg,G2CJ
4815.jpg,I26I
4816.jpg,4BCr
4817.jpg,u4yz
4818.jpg,naDW
4819.jpg,qkfn
4820.jpg,I6ll
4821.jpg,BdfG
4822.jpg,H5Gk
4823.jpg,NaV9
4824.jpg,LEDH
4825.jpg,gNXZ
4826.jpg,ffHp
4827.jpg,9m1g
4828.jpg,JJQs
4829.jpg,tEgO
4830.jpg,2FcD
4831.jpg,9vjX
4832.jpg,ehjc
4833.jpg,ApcW
4834.jpg,NviX
4835.jpg,1I9I
4836.jpg,hZpB
4837.jpg,yXBv
4838.jpg,OWi3
4839.jpg,qnz8
4840.jpg,AA7v
4841.jpg,j5N3
4842.jpg,yQ0S
4843.jpg,uXyX
4844.jpg,WcKH
4845.jpg,i1S7
4846.jpg,P1Vy
4847.jpg,iB2R
4848.jpg,p5WG
4849.jpg,Hshf
4850.jpg,7230
4851.jpg,NPcD
4852.jpg,ezDe
4853.jpg,Wlhd
4854.jpg,W7ph
4855.jpg,xj5L
4856.jpg,5K2c
4857.jpg,EdRk
4858.jpg,NICB
4859.jpg,mRvB
4860.jpg,IH7S
4861.jpg,Mzk8
4862.jpg,X2pX
4863.jpg,b3oZ
4864.jpg,j3nE
4865.jpg,uOMi
4866.jpg,9IY3
4867.jpg,oHIS
4868.jpg,cBNL
4869.jpg,ueR6
4870.jpg,mbeq
4871.jpg,hqbI
4872.jpg,w3n9
4873.jpg,vS6l
4874.jpg,w5bo
4875.jpg,PTTN
4876.jpg,jnK3
4877.jpg,Xf0w
4878.jpg,Pwm8
4879.jpg,iRYu
4880.jpg,Kg75
4881.jpg,LMAu
4882.jpg,d0dF
4883.jpg,TiIl
4884.jpg,CsZX
4885.jpg,NyiO
4886.jpg,ZJzB
4887.jpg,hMEB
4888.jpg,huxk
4889.jpg,or1k
4890.jpg,Kg3h
4891.jpg,9UMz
4892.jpg,pYIz
4893.jpg,jpka
4894.jpg,3Y0P
4895.jpg,g7EM
4896.jpg,aTVS
4897.jpg,mNiq
4898.jpg,Zy5m
4899.jpg,BErr
4900.jpg,Epd5
4901.jpg,3vEh
4902.jpg,KUsh
4903.jpg,Zi0Y
4904.jpg,QKzY
4905.jpg,HGJr
4906.jpg,eMQF
4907.jpg,TZDk
4908.jpg,ol0e
4909.jpg,tILr
4910.jpg,x91D
4911.jpg,riOG
4912.jpg,RNor
4913.jpg,mMBm
4914.jpg,GCUg
4915.jpg,N0py
4916.jpg,p1XR
4917.jpg,bsSx
4918.jpg,XOlG
4919.jpg,r3Ad
4920.jpg,SpSt
4921.jpg,FtXG
4922.jpg,MYIB
4923.jpg,PdEC
4924.jpg,EAxO
4925.jpg,1ZYG
4926.jpg,a1zY
4927.jpg,STkB
4928.jpg,inMm
4929.jpg,PUQP
4930.jpg,W4iI
4931.jpg,70Hf
4932.jpg,nbMA
4933.jpg,ULsS
4934.jpg,loUe
4935.jpg,vIvp
4936.jpg,gfUU
4937.jpg,tTdO
4938.jpg,uhPG
4939.jpg,lqJ8
4940.jpg,WHGr
4941.jpg,rcow
4942.jpg,q3Zw
4943.jpg,tWsg
4944.jpg,POrV
4945.jpg,SLcp
4946.jpg,nNop
4947.jpg,u8mw
4948.jpg,pD02
4949.jpg,J1qP
4950.jpg,tkjv
4951.jpg,PRkv
4952.jpg,TdcC
4953.jpg,sUQ6
4954.jpg,TqDt
4955.jpg,ns9j
4956.jpg,Q15X
4957.jpg,Bq42
4958.jpg,LsNy
4959.jpg,GS1e
4960.jpg,kImM
4961.jpg,0z68
4962.jpg,FZxT
4963.jpg,nq9A
4964.jpg,gTXL
4965.jpg,TNcW
4966.jpg,PJKq
4967.jpg,9F8n
4968.jpg,4pKC
4969.jpg,NZ4C
4970.jpg,R75h
4971.jpg,XRcN
4972.jpg,SCjh
4973.jpg,FTzS
4974.jpg,LWXj
4975.jpg,lcxv
4976.jpg,J0g0
4977.jpg,JWqX
4978.jpg,qUTH
4979.jpg,fDXl
4980.jpg,lae3
4981.jpg,Qr0a
4982.jpg,duRY
4983.jpg,cxh5
4984.jpg,xEKN
4985.jpg,ocZ8
4986.jpg,hYQb
4987.jpg,AKlB
4988.jpg,PyuA
4989.jpg,gYYT
4990.jpg,MmT1
4991.jpg,52ZW
4992.jpg,fRTv
4993.jpg,sHpr
4994.jpg,kjXp
4995.jpg,yrdc
4996.jpg,DmX7
4997.jpg,KFin
4998.jpg,bSdV
4999.jpg,QLuH
5000.jpg,Jlcd

